-1.7894,-1.4476,-1.9369,-2.9174,1
0.21341,2.4659,1.3802,0.32796,1
-1.1326,-1.2818,-2.2961,-2.2581,1
-1.0019,-1.1389,1.485,0.064536,1
-1.5306,-1.3928,-2.0701,-2.5848,1
0.32221,-0.45023,-2.3676,-2.8638,1
-2.6929,-2.5305,-1.6482,-1.8077,1
-0.9691,-1.1468,-2.2043,-2.1736,1
-2.5588,-0.77261,0.61931,-1.3679,1
-2.1023,-2.2599,-2.2774,-2.5087,1
-3.3187,-3.3676,-2.1025,-3.2787,1
-1.7546,-1.071,0.38784,-1.4946,1
-2.2802,-2.2879,-2.1822,-2.0944,1
-1.1537,-1.9621,0.94473,-1.1488,1
-0.70297,-0.89704,-2.1968,-1.7733,1
-1.4792,-0.34227,0.80551,-1.4927,1
-0.053477,-0.64633,-2.6049,-2.4654,1
-2.3906,-2.0793,0.74551,-2.0765,1
-2.5827,-2.2974,-1.0033,-2.0801,1
-1.517,-1.5961,-2.2376,-2.4369,1
-0.77677,-1.0562,-2.3195,-2.1049,1
-0.49252,-1.0496,1.6899,-1.4818,1
-1.5277,-0.74191,1.282,-0.31519,1
-2.0144,-1.3719,0.012001,-1.4597,1
2.6735,2.3234,1.7762,-1.4608,1
-2.7555,-2.7661,-1.3819,-2.3669,1
2.48,2.1558,1.2529,-0.34286,1
-0.6311,-0.97459,-2.1726,-2.0696,1
-2.6972,-2.7442,-1.6528,-2.41,1
-3.5952,-3.354,-2.2331,-2.9892,1
-0.22373,-0.64586,-2.0523,1.5126,1
-1.2847,-1.5854,-2.1146,0.16902,1
-2.8326,-2.8765,-2.4143,-2.9748,1
-0.92224,-1.1516,-2.2369,-2.06,1
-1.0391,-1.2435,-2.2576,-2.0426,1
-0.60785,1.344,1.3108,1.0855,1
-1.2113,-1.2668,-2.2442,-1.979,1
0.23259,-0.54903,1.6441,-1.0396,1
-2.4902,-2.4821,-2.5176,-2.8565,1
-2.0731,-2.0364,-2.1284,-1.9985,1
-0.11054,-0.18642,0.21596,-0.025405,1
-0.082246,-0.71193,0.78442,1.1497,1
-1.1153,-1.4234,-2.0856,-0.11392,1
-0.69148,-1.0479,-2.0194,1.073,1
-2.5982,-2.1181,-0.74939,-1.4255,1
-0.8641,-0.83192,-0.078694,-1.273,1
-1.6637,-1.8414,-2.3332,-2.3891,1
-0.74509,-0.99651,-2.2834,-2.0439,1
-2.191,-2.2998,-2.311,-2.5054,1
-0.49087,-0.89407,-2.4775,-2.4207,1
2.8389,2.7996,1.4984,-1.1975,1
2.0557,2.7415,1.3929,-2.1028,1
2.4873,2.2133,1.8832,1.7267,1
-3.2617,-3.2943,-2.0065,-2.9001,1
0.0378,-0.33487,1.3246,0.42092,1
-2.397,-2.3433,-1.8505,-2.1875,1
-0.024744,-0.54556,-2.653,-2.544,1
-1.974,-2.1278,-2.2616,-2.5421,1
-1.3442,3.7099,1.3906,-1.1159,1
2.0974,2.2294,1.6137,-0.52375,1
-1.7709,-1.9127,-2.287,-2.2334,1
-1.2278,-1.0335,-2.0082,-2.8597,1
-1.7759,-1.9437,-2.4062,-2.4076,1
-2.6131,-2.6124,-1.8912,-1.9284,1
-0.73113,-1.0503,-2.0917,1.3889,1
-2.2777,-2.3673,-2.1158,-2.2404,1
0.22251,-0.81855,-1.7225,-2.5366,1
-0.22272,-0.76485,0.69094,0.92053,1
-1.3321,-1.5134,-2.3933,-2.2544,1
-1.6232,-1.7791,-2.308,-2.263,1
-0.88773,-1.1858,-2.1433,0.85842,1
-0.68358,-0.93685,-2.2913,-1.979,1
-2.9662,-2.8726,-2.1559,-2.2735,1
0.1661,-1.1312,1.3044,0.57887,1
-2.596,-1.7323,2.7832,-0.79689,1
3.5773,3.0576,1.3219,-0.46967,1
-2.0764,-2.204,-2.2422,-2.5212,1
-2.0217,-1.2679,0.11657,-1.6302,1
1.967,2.2005,1.6436,0.031481,1
3.8228,3.412,0.68509,0.66651,1
-3.1365,-3.2349,-2.3087,-2.8145,1
-2.2323,-2.3567,-2.2811,-2.5573,1
0.48916,0.56607,1.4423,-0.3638,1
2.5935,2.5121,1.6854,-1.8995,1
-0.44815,-0.79253,-2.0464,1.5848,1
-2.2501,-2.33,-2.2339,-2.2861,1
-2.9136,-2.9037,-1.846,-2.4583,1
0.45494,-0.41576,1.4748,0.41379,1
-2.8443,-2.2046,-0.33095,-2.1561,1
-0.61179,-0.67336,1.6101,-1.1199,1
0.72712,0.63646,-2.4453,0.99326,1
5.5391,10.275,0.098005,0.05292,1
-3.4673,-3.1025,-1.955,-3.1491,1
-1.8184,-1.8555,1.0012,-0.63764,1
-2.0751,-1.6565,-2.0838,-2.5743,1
-3.4007,-3.3164,-1.7704,-2.9818,1
-0.58984,-0.86822,-2.2502,-1.9401,1
0.36031,-0.41549,1.6452,-0.42752,1
0.78331,-0.52428,-2.0563,-2.9604,1
-3.4959,-3.3153,-2.2366,-3.3305,1
-2.6797,-2.2692,-1.3658,-1.9628,1
-3.313,-3.0285,-1.3647,-2.7462,1
3.2304,2.2304,1.5048,0.28059,1
-1.2054,-1.4402,-2.2973,-2.2152,1
-0.049802,-0.69542,1.5563,-1.3802,1
3.2325,2.8032,1.0536,-0.43385,1
0.093799,-0.56376,-2.4209,-2.5413,1
0.16755,-1.1974,1.4469,1.0016,1
-2.2285,-2.2564,-2.1951,-2.3507,1
-3.3426,-3.1733,-2.1017,-2.8624,1
-2.3519,-2.251,-1.0372,-1.8365,1
-1.2866,-1.4625,-2.2238,-2.3338,1
-1.2218,-1.3336,-2.3301,-2.0115,1
-1.8678,-1.7727,0.36565,-0.029653,1
-0.51449,1.3714,1.4281,1.2397,1
0.17097,-0.49894,1.472,0.061914,1
-1.1439,-1.3094,-2.2987,-2.0957,1
-1.2697,-1.3834,-2.2885,-2.3069,1
-3.5591,-3.3976,0.42732,-1.4887,1
-1.0287,-1.3024,-2.058,-0.23542,1
2.5231,2.0459,3.3865,1.8222,1
-1.6206,-1.8062,-2.3057,-2.4212,1
-1.7428,-1.9713,-1.7713,-2.3898,1
0.94031,0.77913,1.5043,4.2266,1
-1.9554,-1.9614,-0.54846,-1.4793,1
-1.0568,-1.3255,-2.2063,-2.1158,1
3.044,2.9843,1.5727,-1.678,1
-2.2309,-2.1357,-1.968,-2.1553,1
-2.7505,-2.8138,-2.5251,-2.7117,1
-0.2819,-0.76405,1.4405,-2.0481,1
-2.6145,-2.5523,-0.90908,-2.2335,1
1.5055,1.5404,3.0388,1.6373,1
-2.2741,-2.3307,-2.016,-2.5811,1
-2.6547,-2.588,-1.55,-2.0306,1
-1.3476,-1.5057,-2.3431,-2.3084,1
-3.2439,-3.3681,-2.2862,-2.9445,1
-1.2521,-1.5092,-2.2295,-2.2902,1
-1.1963,-1.4457,-2.2923,-2.2736,1
-1.8934,-0.64921,0.34753,-0.95413,1
-1.8277,-1.953,-2.3005,-2.1514,1
-1.4998,-1.525,-2.3028,-2.0959,1
-0.41221,-0.73787,1.5226,0.11472,1
-1.3309,-1.4748,-2.2609,-2.1566,1
-2.2073,-2.2751,-2.0994,-2.237,1
-2.208,-2.2441,-1.9619,-2.4965,1
-0.94042,-0.68993,1.1288,-0.41055,1
0.11589,-0.62529,-2.3855,1.2994,1
-2.2011,-2.1055,-2.0758,-1.9936,1
-2.366,-1.7068,-0.60592,-1.7713,1
-0.9024,3.6999,1.2242,-0.36533,1
3.1345,2.9828,1.6902,-2.1977,1
-1.2844,-1.4512,-2.3693,-2.2638,1
-1.7568,-1.7423,-2.2851,-2.1501,1
-1.2602,-1.4123,-2.2998,-2.2718,1
-3.1646,-2.6101,-1.4396,-2.4953,1
3.9622,3.4095,1.2516,-0.40572,1
-0.11502,-0.81257,1.4654,-1.0475,1
-0.98503,-1.2417,0.90967,-1.0417,1
2.2741,2.4314,1.5392,0.19352,1
-2.6483,-2.7857,-1.6067,-2.181,1
-1.3939,-1.7432,-2.3207,-2.7662,1
-2.6816,-2.6666,-1.916,-2.9307,1
1.1062,1.1803,2.201,3.5184,1
-0.22686,-0.74049,-2.0099,1.1041,1
-1.404,2.6196,0.32822,-0.15571,1
1.9413,2.235,1.5639,0.27277,1
-1.3647,-0.64857,0.79569,-0.99918,1
-1.4298,-1.6086,-2.322,-2.4083,1
-3.0369,-3.0874,-2.2916,-2.6124,1
-0.025401,-0.78561,1.4508,-1.6256,1
-1.6181,-1.7126,-2.2608,-2.3148,1
1.4848,1.5131,2.9273,1.0445,1
-2.8562,-2.4946,-1.503,-1.8136,1
-0.46307,-0.91916,0.92717,0.61597,1
-1.3476,-1.5681,-2.2427,-2.3087,1
-1.8194,-2.0207,-2.3067,-2.4213,1
5.0175,4.8376,0.54365,-0.45947,1
-1.1903,-0.88844,0.74949,-1.5125,1
2.7729,2.5866,2.2237,1.0196,1
-1.8743,-1.4781,0.28928,-1.6637,1
-1.5746,-1.7629,-2.1592,-2.6165,1
-2.0061,-1.9514,-2.1602,-2.3677,1
-0.19414,-0.78816,-2.0722,-1.8396,1
-0.94122,-1.1734,-2.1943,-2.0472,1
-0.54802,-0.83567,-1.8447,-1.8758,1
-3.2979,-3.2412,-2.0381,-3.0853,1
-2.8811,-2.8403,-0.78279,-2.4945,1
-1.0327,-1.1728,-2.1363,-2.3453,1
0.52934,-0.48572,1.3179,-0.49361,1
-0.98101,-1.0663,-2.2676,-1.8348,1
-0.3278,-0.41828,1.6368,-0.076876,1
-1.7408,-1.6485,-3.0747,-3.4876,1
-1.0803,-1.2389,-2.3179,-2.0954,1
-2.7147,-2.2291,-0.86983,-1.7022,1
3.1163,2.7273,1.6585,-1.2604,1
-0.6997,-0.86699,-2.2081,-1.7081,1
-1.1958,-1.3307,1.0337,-2.1655,1
4.958,4.7724,0.37752,-1.1014,1
-2.2497,-1.7441,-0.22041,-1.6858,1
-0.34191,-0.7806,-2.2932,-2.0677,1
1.7737,1.2651,1.6497,0.29182,1
2.6856,2.02,1.6797,-0.72907,1
-1.2427,-1.3047,-2.2481,-1.7763,1
-0.70164,-0.96892,-2.1549,-1.9624,1
4.0137,3.4926,5.2288,0.08804,1
-2.0869,-1.5808,2.9733,-0.54679,1
-2.7233,-2.7945,2.1974,-2.4526,1
-0.90916,-0.75292,0.96461,-0.98385,1
1.221,1.2477,1.9804,0.77085,1
-1.8629,-1.9873,-2.2112,-2.2529,1
-0.9888,-1.2415,-2.2622,-2.0449,1
-0.85336,-0.95156,0.96672,0.041854,1
-1.6817,-1.2914,-0.21076,-1.3426,1
-2.1843,-2.0126,-0.72575,-1.0619,1
-1.4992,-1.5484,-2.1303,-2.0326,1
-2.4084,-2.4421,-2.181,-2.3687,1
-2.3174,-0.82089,0.63065,-1.3349,1
-1.7699,-1.9882,-2.2741,-2.5223,1
-1.3853,-1.5072,-2.2748,-2.3945,1
-1.0371,-1.3072,-2.3015,-2.2908,1
-2.6625,-2.5906,-1.4081,-1.9451,1
-1.2586,-1.5117,0.80979,0.5255,1
-0.22276,-0.32684,2.8931,-0.10467,1
-1.5654,-1.6244,-2.1979,-2.1973,1
-2.7788,-2.7962,-2.3594,-2.8807,1
3.1896,2.3152,1.6926,-0.63083,1
-2.3613,-2.5151,-2.0977,-2.7138,1
1.8475,1.655,2.0646,0.57191,1
-2.0706,-2.0308,-1.9142,-2.0118,1
-2.3341,-2.3489,-1.0261,-1.6539,1
1.2383,1.2638,2.4336,2.4087,1
-0.5276,-1.554,1.6079,1.5335,1
-1.7531,-1.7851,-2.139,-2.2213,1
-0.59543,-0.98868,0.79637,0.85007,1
-1.6514,-1.4978,-1.9502,-2.8075,1
-3.2958,-3.1111,-1.9783,-2.4967,1
-2.3397,-1.8674,-0.36425,-1.5417,1
-1.5967,-1.6347,-2.2872,-1.9563,1
-2.0436,-2.1066,-2.1971,-2.1595,1
0.010462,-2.3645,1.005,0.56742,1
-0.75552,-0.99581,-2.0763,0.84883,1
7.3202,13.903,2.6313,2.3654,1
-1.3442,-1.5143,-2.2249,-2.2439,1
-1.0893,-1.2797,-2.1947,-1.9965,1
3.453,2.8443,1.6717,-1.001,1
-1.8145,-2.0029,-1.9502,-2.8108,1
3.2712,2.268,1.5309,0.0055947,1
-0.73893,-2.49,-3.736,-2.2646,1
1.9082,1.4645,1.4267,1.279,1
-0.8235,-0.99974,-2.2685,-1.9749,1
-0.22214,-0.064986,0.80949,-0.47082,1
-2.239,-2.2668,-2.0171,-2.4125,1
-1.7978,-1.8253,0.12796,-1.7716,1
-2.181,-2.428,-1.1103,-1.8165,1
-2.5932,-2.3127,-0.38602,-2.0424,1
0.36401,0.39916,1.433,-0.69862,1
-0.23888,-0.79453,0.89075,0.84584,1
-1.0702,-0.44284,1.0551,-0.68517,1
-1.1331,-1.3301,-2.2119,-2.0318,1
3.2995,3.1231,1.6841,-1.5989,1
-0.8343,-1.1178,-2.1805,-1.8012,1
-2.3772,-2.3592,-1.817,-2.1056,1
-1.6389,-1.762,-1.9602,-2.8514,1
-1.825,-1.81,-0.41323,-5.4022,1
-3.2361,-3.2103,-1.9445,-2.7525,1
-0.57892,-7.45,0.85842,-7.9489,1
-2.3959,-2.409,-2.1383,-2.2212,1
1.9907,2.2197,3.3939,1.6677,1
2.7414,2.2673,1.5444,-0.57471,1
0.73273,-0.31595,1.4337,0.58441,1
0.037294,-0.58346,1.6603,-0.89854,1
-1.9496,-1.946,-1.0691,-1.4799,1
-1.0927,-0.6109,0.68273,-1.2986,1
-2.1416,-2.2697,-2.0941,-2.6259,1
-2.9006,-1.7392,-0.10755,-1.5917,1
-0.35531,-1.7841,1.3009,-0.95245,1
-0.5779,-1.1046,1.2658,-2.2925,1
-1.2906,-2.6024,-3.2555,-2.5852,1
-1.7337,-1.8146,-2.3267,-2.3342,1
-2.4314,-2.0957,-0.75028,-1.7603,1
0.65433,-0.49253,1.4299,0.40694,1
-2.1309,-1.3891,-0.2392,-1.3993,1
4.1094,3.6118,5.655,-0.0938,1
-0.65818,-1.4707,1.6105,0.894,1
-1.6045,-1.7585,-2.2796,-2.4003,1
-1.9979,-2.2193,-2.0671,-2.8774,1
-2.3238,-2.3685,-2.2987,-2.3734,1
-2.3921,-2.3537,-1.1202,-1.8001,1
2.2388,2.566,1.6508,-2.1227,1
-1.7547,-1.9345,-2.2649,-2.423,1
-2.0551,-1.5141,-1.7953,-2.9434,1
-2.1232,-0.63027,0.71068,-1.0788,1
0.281,2.4841,1.5691,-0.97077,1
-1.0045,-1.198,-2.2615,-2.2465,1
4.0177,3.4841,1.3954,-0.42726,1
-1.5318,-0.72807,1.0727,-0.48044,1
-2.1741,-2.2429,-2.0161,-2.309,1
-0.46018,-0.86352,0.55993,0.86538,1
-2.2957,-2.423,-2.0818,-2.5744,1
-1.4121,-1.1014,1.1081,-0.32406,1
-2.83,-2.3219,-1.2236,-2.0457,1
-1.4221,-1.5808,-2.2612,-2.2725,1
-0.013593,-0.65299,0.58129,1.0956,1
-0.49233,-0.9291,0.8637,0.74782,1
-2.4724,-2.5445,-2.221,-3.2486,1
-0.12672,1.2493,1.4625,0.26057,1
-3.5403,-3.2393,-1.7428,-2.9613,1
-0.6518,-0.97744,-2.0671,0.89836,1
2.0864,2.1478,2.1913,1.709,1
-2.8472,-2.8576,-2.2431,-2.9801,1
-1.5722,-0.7905,1.2013,-0.58575,1
-1.3237,-1.2979,-3.2609,-3.1573,1
1.6217,1.3094,2.1669,0.37642,1
-2.4846,-2.5521,-1.7975,-2.4586,1
-1.1103,-1.403,-2.0536,0.087641,1
-1.8906,-1.866,-2.2507,-2.2078,1
0.30453,-0.55989,1.3859,-0.47922,1
-0.76432,-1.0179,-2.3817,-2.1792,1
-3.2545,-3.0556,-1.9293,-2.372,1
2.2483,2.9754,1.6077,-1.9962,1
2.9096,1.956,1.5566,0.050383,1
-1.8691,-2.0572,-2.103,-2.7557,1
0.77343,-0.55079,1.3732,0.05823,1
2.5522,2.3668,1.7795,-1.4909,1
-3.0925,-3.2758,-1.6615,-2.9194,1
-0.14074,-0.69087,-2.4922,-2.8429,1
2.21,2.8315,1.6414,-1.138,1
-1.0636,-1.1538,-2.2,-1.8923,1
-0.73229,-1.0055,-2.1369,1.1724,1
-1.4531,-1.6064,-2.3887,-2.2683,1
3.3904,3.0067,1.6114,-1.7407,1
-2.0466,-2.0121,-2.1195,-2.2135,1
-0.82023,-1.1921,1.3563,0.20929,1
-3.5537,-3.5999,1.9061,0.24797,1
-1.771,-0.49129,0.34224,-1.278,1
-1.7061,-0.55426,0.68955,-0.90064,1
-0.51179,-0.75328,-2.1797,-1.8761,1
-1.9431,-1.4426,-1.892,-2.858,1
-1.0094,-1.2601,-2.1412,0.9599,1
-1.3618,-1.6476,-2.1132,-0.35406,1
-1.4368,-1.4893,-2.3067,-2.0433,1
-3.2206,-3.3441,-2.0817,-2.7308,1
1.9424,1.7982,2.9573,0.90136,1
-1.7779,-1.7353,-2.1881,-1.913,1
-0.81084,-1.0377,-2.1907,-1.9229,1
-2.5168,-2.512,-1.637,-2.0679,1
-3.1081,-3.178,-1.4945,-2.8207,1
-1.9754,-1.7405,-2.2741,-2.4221,1
-2.4338,-2.4629,-1.9669,-2.27,1
-1.4833,-0.88658,0.2062,-1.1334,1
4.0808,0.67278,2.0846,0.93493,1
3.6175,3.5973,-0.23962,-1.3494,1
3.7803,3.0797,1.6395,0.45853,1
-2.4926,-2.0729,2.3431,-1.0315,1
-1.853,-2.0021,-2.3199,-2.3833,1
-3.3396,-2.9952,-1.7453,-2.6925,1
3.2101,2.5232,1.7653,-1.0362,1
-1.6135,-1.8055,-2.2118,-2.5141,1
-0.86851,-1.1773,0.93341,-2.0815,1
1.4776,1.2069,1.8786,1.3748,1
0.55596,-0.41576,1.3521,0.18206,1
-0.51036,-0.22317,0.40063,-1.1015,1
-2.6371,-2.6943,-2.1624,-2.3827,1
-2.951,-2.9416,-2.1466,-2.8139,1
-2.8302,-1.6382,0.1657,-1.9627,1
0.24671,-0.50186,1.4182,-0.64474,1
0.028226,-0.60918,1.6634,-1.0759,1
-1.0105,-1.2137,0.33302,0.8572,1
-0.57435,-0.87763,1.2347,-0.76265,1
-1.7416,-1.7957,-2.2759,-2.3052,1
3.0533,2.4981,1.709,-1.121,1
2.7093,2.5699,1.718,-1.8337,1
-3.0673,-2.6642,-1.3589,-2.2967,1
0.14173,-0.92566,1.5767,0.56323,1
-2.7302,-1.4728,0.37761,-1.9445,1
-0.48139,-0.93924,1.0002,1.0186,1
3.8908,3.6647,1.3923,-0.86,1
0.34036,-0.40013,1.3614,-0.0076869,1
1.928,2.2983,1.729,0.068455,1
0.30021,-0.49657,1.451,0.58388,1
-2.9837,-2.7725,-0.85169,-2.7866,1
-1.8216,-1.6023,-0.27311,-1.5119,1
-0.58704,1.2899,1.5311,1.3645,1
2.9784,2.1968,1.6034,-0.36969,1
-1.2416,-1.4843,-2.2986,-2.2369,1
-2.8693,-1.7762,0.42876,-0.86959,1
-1.485,-2.4492,0.24584,-1.4804,1
-1.8129,-1.77,-0.53331,-1.2104,1
-2.4918,-2.626,-2.2186,-2.6182,1
-1.3089,-0.61472,1.2195,-0.17389,1
-2.9192,-2.8966,-2.1621,-2.7264,1
-2.5926,-1.8291,0.1333,-2.0273,1
-1.7474,-1.6877,-2.1825,-2.0733,1
1.732,1.8219,3.2079,1.3211,1
1.9854,2.3934,1.2365,-1.6733,1
2.8272,3.0655,1.4623,-1.3805,1
-2.0161,-2.1281,-1.6334,-2.043,1
-0.20891,0.58368,0.99621,-0.45002,1
0.20718,-0.61547,1.0707,0.6636,1
-2.4454,-2.482,-2.2889,-2.3646,1
0.21766,-0.43351,-2.6352,-2.4774,1
-3.1005,-2.9966,-1.0636,-2.666,1
2.8819,2.3707,1.7283,-1.2007,1
-3.0887,-2.7237,-0.90428,-2.5424,1
2.3646,1.3519,1.5293,0.91409,1
-2.934,-2.638,-1.4594,-2.3558,1
-0.39669,1.3134,1.3635,0.58809,1
-1.2545,-1.2986,-2.1967,-1.903,1
-1.0003,-1.3155,-2.0968,0.69882,1
-0.84423,-1.0928,-2.1006,1.0385,1
-0.4857,-1.0637,1.5267,-1.9706,1
-0.62386,-0.88751,1.4129,-0.1704,1
-0.54091,-0.95891,0.91038,-0.75617,1
-0.74186,-1.0356,-2.2663,-2.1859,1
-2.6138,-2.691,-1.5797,-2.3521,1
-0.24454,-0.80199,1.2433,-0.2415,1
-0.30654,-1.2209,1.5653,1.5407,1
-2.9061,-2.8667,-2.3122,-2.873,1
-1.7765,-2.0279,0.47244,-1.2852,1
-0.71751,-0.9248,0.89268,-0.92691,1
-1.4371,-1.4142,-2.249,-2.014,1
3.7521,3.3357,0.46489,0.43607,1
2.4667,2.7224,1.4428,-1.8942,1
-2.4493,-2.5387,-2.011,-2.3079,1
-2.2117,-2.335,-2.0605,-2.4885,1
-1.8314,-1.9109,-2.1716,-2.3539,1
-0.97517,-1.1658,-2.2109,-1.9488,1
-1.8511,-1.8049,-2.2335,-2.1462,1
-2.6026,-2.6179,-1.4721,-2.4797,1
-0.94009,-0.88752,2.88,0.20321,1
3.0739,3.018,4.2438,0.80996,1
3.1039,2.3019,1.5422,0.04276,1
2.8841,2.5764,1.5601,-1.3849,1
-3.2116,-3.3601,-2.0863,-2.8842,1
-1.1703,-1.4354,-0.26707,-1.6292,1
-1.431,-0.65742,0.89181,-1.0029,1
-1.5994,-0.86043,1.2642,-0.035202,1
-1.2935,-1.5094,-2.1527,-2.3537,1
2.3627,2.1062,1.819,-1.5673,1
-0.9343,-1.18,-2.1529,-2.0384,1
0.51914,0.0031315,0.31544,1.1208,1
0.15476,-1.2019,1.291,0.7986,1
2.8275,2.4415,1.6958,-1.2158,1
-2.2964,-2.3346,-1.8054,-2.4645,1
-0.79726,-1.0348,-2.3069,-2.0598,1
-2.6812,-2.4324,-1.2358,-1.6192,1
-2.25,-2.2911,-2.1396,-2.4001,1
7.9448,15.295,2.4826,2.7063,1
-2.1616,-2.2352,-0.83699,-1.5978,1
-2.2715,-1.8127,-0.49304,-1.6878,1
-1.3267,-1.5424,-2.2894,-2.1678,1
1.9051,2.7052,-0.11129,-0.18483,1
3.4306,2.0124,1.5428,-0.14304,1
-1.8847,-1.9955,1.1409,-0.98288,1
-2.8371,-2.7917,-2.3106,-2.916,1
2.8913,2.2066,1.6205,-0.373,1
0.55834,-0.34501,1.4678,0.49231,1
-1.9751,-2.0363,-1.9891,-2.4196,1
-2.1593,-2.3123,-2.1403,-2.3458,1
-1.7536,-1.5395,-2.2664,-2.3795,1
1.2162,1.5088,-1.7698,-2.7711,1
-3.5767,-3.3447,-2.1769,-3.2148,1
-1.4302,-1.4533,-0.3498,-1.477,1
-1.7922,-1.9288,-2.1134,-2.5285,1
-0.80361,-1.1539,-1.9933,0.74472,1
-2.1972,-2.2256,-1.9451,-2.4154,1
0.020679,-0.64322,1.2488,-0.15123,1
-0.75699,-1.1521,1.012,0.46266,1
-1.8459,-0.93173,0.41271,-1.7376,1
1.1964,-0.38361,-1.9637,-3.0805,1
-1.2874,-1.1675,0.33676,-1.5577,1
-1.0444,-1.2794,-2.4256,-2.1826,1
-0.1915,-0.63925,0.62397,-1.2367,1
1.5783,-0.41388,1.149,0.10879,1
-0.85783,-0.3135,0.51031,-0.54166,1
-1.4046,-0.66333,0.26732,-0.75228,1
-0.82293,-1.0738,-2.2025,-2.1192,1
-1.7042,-1.6269,-2.2559,-2.368,1
-1.4679,-1.6925,-2.223,-2.8016,1
-1.5939,-1.6858,-0.45311,-1.6,1
0.39938,-1.0299,-1.7545,-2.6596,1
-1.4564,-0.80058,1.5299,-0.14507,1
-1.7135,-1.6321,0.45998,-0.15243,1
1.9645,1.8449,3.1634,1.7695,1
-1.6582,-1.6795,-2.334,-2.1128,1
-1.027,-1.3427,1.0629,-0.0043622,1
-2.1524,-0.91206,0.25692,-1.4021,1
-0.84371,-1.1233,1.2075,0.013928,1
-1.5828,-1.5662,-2.1198,-2.1976,1
-2.4949,-1.754,-0.3457,-1.8026,1
-2.8142,-2.8065,-1.8399,-2.1825,1
0.19172,-0.42606,1.4882,0.75861,1
4.2986,4.3862,2.1434,1.2408,1
-2.221,-1.8809,-0.57301,-1.3588,1
-2.5301,-2.5385,-1.9319,-2.3712,1
-1.0145,-1.2973,-2.1503,0.74612,1
5.2976,4.8545,1.0767,0.41433,1
3.3462,2.6597,1.6984,-0.81949,1
-0.83092,-1.1327,-2.1993,-1.9326,1
-2.6841,-2.6578,-1.4407,-2.0411,1
-0.47319,-0.92272,1.1358,-1.9156,1
-1.6695,-0.94617,1.3071,-0.18881,1
-1.7961,-1.3927,-2.0356,-2.5627,1
-2.1855,-1.4415,0.33941,-1.7164,1
-1.0766,-1.3116,-2.2593,-2.2172,1
-1.2757,-1.3721,-2.3491,-2.0064,1
-2.3759,-2.4414,-2.0795,-2.4262,1
-1.6035,-1.7982,-2.3398,-2.3184,1
-0.34198,-0.37687,0.33088,-0.55989,1
0.17399,1.2816,1.3884,0.58824,1
-1.5682,-1.3128,1.4772,-0.68234,1
3.1995,2.9863,2.1162,-1.545,1
4.7789,3.0436,1.2926,-0.046636,1
-3.1493,-3.3204,1.896,0.61716,1
-3.4323,-2.7386,-1.0784,-2.4309,1
2.8878,2.0647,1.6651,-0.04455,1
-0.36974,-0.60712,1.6716,-0.59142,1
-1.8913,-2.0031,-2.2388,-2.3776,1
-1.9195,-2.0899,-2.2252,-2.5692,1
-3.0329,-3.0375,-2.1751,-2.8883,1
-0.42495,-0.78029,-2.2569,-2.0114,1
-2.8005,-1.5076,0.24136,-1.5647,1
-5.0953,-5.2035,1.4755,0.85868,1
-1.6623,-0.57895,0.46986,-1.3021,1
-2.4447,-2.4448,-1.5975,-2.3052,1
-0.44116,-0.87103,2.2273,-0.71564,1
-2.8465,-2.8933,-2.4584,-2.5732,1
1.7453,1.6496,2.9684,1.2144,1
-1.2057,-1.4329,-2.2732,-2.0739,1
-1.0744,-1.3723,-2.3026,0.20548,1
-0.20219,-0.75369,-2.1243,-1.7635,1
-4.138,-4.1358,-1.3519,-3.3069,1
4.2371,3.6192,-2.5884,0.98645,1
-2.3188,-2.451,-2.4958,-2.6222,1
5.061,5.3021,2.2403,-0.43023,1
0.38045,-0.35042,-2.5711,-3.1716,1
3.8262,3.2264,1.6458,0.15832,1
-3.3121,-3.2981,-2.2864,-2.9588,1
-2.508,-2.5984,-2.4311,-2.5977,1
-3.9782,-3.8414,-2.8305,-3.5425,1
0.68935,-0.94354,-2.6725,-3.701,1
-1.4332,-1.5681,-2.4095,-2.1862,1
0.41563,-0.85023,-2.642,-3.248,1
-2.0569,-2.1777,-2.5081,-2.4854,1
4.1744,3.4294,-2.6645,0.059262,1
-2.987,-3.0161,-1.1479,-2.7721,1
0.42611,-0.63395,-2.7103,-3.6751,1
0.25541,-1.4295,-2.9481,-2.8427,1
-0.5549,-0.89297,-2.2647,-1.9637,1
-0.69282,-1.1054,-2.3386,-0.12671,1
-2.5781,-2.599,-2.456,-2.4294,1
-3.8898,-4.1506,-1.6144,-4.0742,1
-2.4691,-2.6104,-2.5751,-2.8014,1
0.62627,-0.73996,-2.7951,-3.5219,1
-0.60626,-0.94181,-2.3135,-2.048,1
0.39608,-0.84845,-2.5073,-4.4485,1
-0.3741,-0.91089,-2.271,-2.3873,1
-0.18748,-0.90236,-2.2767,-1.4377,1
6.7391,6.6985,2.2579,-1.1694,1
-1.2989,-1.507,-2.4023,-2.4297,1
0.088427,-0.79659,-2.5554,-3.3533,1
0.13632,-1.7258,-3.263,-3.1641,1
-2.1275,-2.2237,-2.4878,-2.5061,1
2.4758,2.3919,2.8909,6.7501,1
-2.3861,-2.4417,-2.3354,-2.7928,1
-3.2159,-3.0685,-2.6928,-2.8517,1
0.34077,-0.31825,-2.5531,0.24427,1
0.90095,-0.65828,-2.5481,-0.81509,1
0.29372,3.1937,-2.5721,0.44933,1
-0.052092,-1.4841,-3.1791,-3.2407,1
-0.64599,-0.88382,0.48812,1.1654,1
0.21425,-0.36569,-2.7044,-2.8064,1
-1.0993,-1.304,-2.2697,-2.1267,1
-0.74906,-1.1015,1.0502,0.1873,1
-1.2965,-1.4687,-2.4442,-2.1721,1
3.6829,3.7196,0.99796,1.9787,1
-0.81169,-1.1044,-2.3562,-2.155,1
1.9414,-0.28862,1.1958,-0.38687,1
2.6437,2.3176,4.9286,2.5253,1
3.7271,3.1608,0.71938,0.69383,1
-0.61487,-1.1982,-2.3783,-4.2784,1
0.36176,-0.96714,-2.987,-3.2273,1
2.619,2.8593,1.2234,1.847,1
-3.3599,-3.4186,-1.4237,-3.8965,1
-4.1795,-4.2224,-1.2198,-3.749,1
-1.0667,-1.3596,-2.2698,-0.0057951,1
-2.693,-2.3638,-1.0055,-2.0412,1
-2.3882,-2.4228,-2.4532,-2.4455,1
0.31128,-1.0216,-2.4936,-1.6086,1
-0.68379,-1.0121,0.79013,0.79055,1
0.36602,0.22234,2.0336,2.1274,1
3.4475,2.833,1.0968,-0.2981,1
-1.8927,-2.0106,-2.4418,-2.4865,1
-0.46777,-0.81046,-2.1671,-1.8066,1
-0.089483,-0.57018,-2.0796,-2.4008,1
1.4441,-0.86903,-2.6558,-3.1715,1
-0.059602,-0.62439,-2.1804,-1.8759,1
-0.31709,-0.77964,-1.7914,1.3027,1
-0.76935,-1.0655,-2.2121,0.0036168,1
-3.3046,-3.4752,-1.9749,-3.8311,1
0.58127,3.7711,0.84529,0.54078,1
6.0484,6.2415,2.236,-0.8174,1
2.4447,2.3104,1.9164,6.77,1
-3.1106,-3.1481,-1.1612,-3.159,1
5.9842,6.1148,1.7209,-1.3366,1
-0.75512,-1.033,-2.3224,-2.0119,1
-0.83794,-1.1686,-2.2975,-2.4086,1
-2.5366,-2.5031,-2.3471,-2.381,1
-3.018,-3.1035,-1.7506,-2.8138,1
-2.7277,-2.7504,-1.9931,-2.5102,1
5.7376,6.2436,1.946,-0.81268,1
1.5091,-0.36095,-2.2994,-3.32,1
2.6994,2.4908,4.0509,2.5954,1
-2.2989,-2.3952,-2.4009,-2.7359,1
1.9865,1.9922,1.2385,3.7295,1
-0.78185,-1.0625,0.92367,0.60525,1
-3.0482,-3.1611,-2.1946,-3.6063,1
-1.3752,-1.5773,-2.4479,-2.3749,1
0.10482,-0.40363,-2.6254,-2.3295,1
0.83885,-0.6013,-2.274,-0.13915,1
6.858,7.2403,2.3662,-0.45212,1
-2.22,-2.3753,-2.2564,-2.4826,1
-0.84271,-1.2641,0.42698,3.1599,1
-0.018185,-1.5498,-3.0459,-3.3983,1
-1.3338,-1.5649,-2.3669,-2.471,1
-2.0412,-2.1909,0.79405,-0.71631,1
-3.1354,-3.2439,-2.2201,-3.3948,1
-2.4519,-2.575,-2.4614,-2.6963,1
0.56635,-1.2203,-2.9423,-3.5364,1
-1.216,-1.4066,-2.4747,-2.2386,1
-0.85263,-1.1465,-2.2098,0.86593,1
-3.1524,-2.997,-1.7744,-2.3438,1
-1.9013,-2.0511,-2.5452,-2.5572,1
-3.8995,-3.742,-2.6072,-3.3629,1
-0.72225,-1.003,-2.2679,-1.9256,1
5.3589,5.6891,2.2035,-0.16458,1
-0.45504,-0.89824,-2.2308,-1.9369,1
3.8656,3.1823,-2.4881,0.45844,1
-0.92344,-1.2236,-2.2101,-2.3277,1
-0.12234,-1.0772,-2.6866,-3.5879,1
-0.89671,-1.131,-2.219,-2.0151,1
-1.663,-1.7655,-2.5201,-2.577,1
-3.4355,-3.3293,-1.6637,-3.0258,1
0.47708,-0.97885,-2.8277,-3.5701,1
3.97,4.2516,0.91182,-0.80035,1
-3.4688,-3.5183,-1.9553,-3.1536,1
-1.5987,-1.7838,-2.4975,-2.5016,1
0.82297,-0.91848,-2.6814,-3.3507,1
0.61965,-0.56463,-2.8751,-3.3116,1
-0.3622,-0.72688,-2.2498,-1.7785,1
0.45388,-1.1889,-2.5211,-0.77555,1
-0.016469,-0.89609,-2.2721,-2.067,1
-2.0143,-2.3423,-2.4879,-3.2786,1
-3.6928,-3.4683,-1.6639,-3.1751,1
-1.2689,-1.6556,-2.5128,-3.017,1
-0.32279,-0.72854,-2.3116,-2.0908,1
-0.65476,-1.1045,-1.2329,-0.87938,1
1.4101,-0.205,-2.7992,-3.3407,1
-1.3916,-1.5863,-2.3166,-2.3344,1
-0.96871,-1.2151,0.74337,0.67812,1
0.10122,2.6197,1.4488,-0.26915,1
-0.10305,-0.59923,-1.9961,-2.4134,1
-0.042892,-0.70868,0.78196,0.48521,1
-2.4356,-2.6231,-1.9274,-2.4889,1
-1.4258,-1.5745,-2.4599,-2.3232,1
-0.030571,-1.6374,-2.9893,-2.9338,1
0.76955,-0.67426,-2.4009,-3.243,1
-1.0567,-1.2808,-2.4076,-2.1688,1
6.4697,6.4561,2.2295,-0.39558,1
-2.1942,-2.2244,-2.4506,-2.591,1
-0.36772,-0.72893,-2.172,-1.7835,1
-1.4797,-1.6939,-2.3932,-2.5617,1
-0.68516,-1.0494,-2.2739,-2.3504,1
-0.28542,-0.77597,-2.2883,-2.2069,1
-2.3399,-2.3955,-2.4055,-2.5638,1
1.3502,-0.1735,-2.6387,-2.6032,1
0.93533,-0.29448,-2.7234,-2.8535,1
-3.471,-3.0085,-0.93836,-2.9823,1
-4.6002,-4.7916,-1.2847,-3.5757,1
-1.1316,-1.4375,-2.3041,0.16684,1
-3.2159,-3.0112,-1.6804,-2.6338,1
-1.236,-1.5401,-2.4191,-2.5804,1
-3.6956,-3.5522,-1.9078,-3.2462,1
0.49459,-0.44121,-2.6136,-2.7228,1
-0.1711,-0.6637,-2.1518,-1.9992,1
0.38968,-0.3188,-3.0221,-0.70353,1
-0.87684,-1.1074,-2.2523,-1.9902,1
-1.7798,-1.8378,-2.4875,-2.2737,1
-2.1602,-2.2211,-2.4054,-2.8152,1
-2.9748,-2.7597,-1.209,-2.2937,1
-0.57238,-0.95078,-2.3144,-2.4069,1
-0.57081,-1.1186,-2.351,-3.9494,1
-3.8848,-3.8315,-2.6604,-3.3192,1
-0.7892,-1.0009,0.37221,0.67292,1
-0.70444,-1.0193,-2.3214,-2.0376,1
0.31065,-0.73217,1.3885,-1.6983,1
0.20559,-0.96114,-3.0152,-3.1442,1
0.41777,-1.6494,-3.1082,-3.3894,1
0.208,2.9641,1.6045,-0.0754,1
-1.61,-1.7143,-2.469,-2.3195,1
-1.7705,-1.9638,-2.4687,-2.7346,1
1.3926,0.94785,-0.16032,-2.7339,1
-2.2379,-2.3597,-2.5331,-2.5952,1
-1.5208,-1.7396,-2.4468,-2.5152,1
-0.41596,-1.1082,1.5627,-1.1394,1
0.058238,-1.5056,-3.2454,-3.4132,1
0.087774,-0.78478,-2.8303,-2.9541,1
-0.18578,-1.0758,-2.9889,-3.431,1
-2.9825,-3.3046,-2.0398,-2.7956,1
-0.95181,-1.2732,-2.3446,-2.83,1
-1.0194,-1.2615,-2.1923,-2.3577,1
-2.7612,-3.0383,-2.9063,-3.5982,1
-1.2377,-1.4237,-2.3377,-2.2423,1
-3.8824,-3.8915,-2.0443,-3.7413,1
-1.7167,-1.8395,-2.5313,-2.4448,1
0.45841,-0.5708,-2.3714,-0.29515,1
-1.4837,-1.6845,-2.5173,-2.5675,1
0.54799,-0.97605,-2.5431,-1.4995,1
0.35182,-0.74033,-2.437,-3.4893,1
-1.5033,-1.6202,-2.4512,-2.1876,1
-0.503,-0.71452,1.4099,-2.1687,1
0.63473,-1.4209,-2.8044,-3.8485,1
-0.95365,-1.2038,-2.3232,-2.1153,1
-1.9862,-2.1083,-2.4775,-2.5492,1
4.9189,5.3793,1.8469,-1.1694,1
1.3729,1.3681,1.6893,3.8805,1
-0.25789,-0.59901,-2.1383,-1.585,1
1.0841,-0.11174,-2.7683,-2.7128,1
0.40221,-0.17392,-2.6734,-2.0729,1
-0.24011,-0.83596,1.0806,0.64762,1
0.13119,-0.4105,-2.6703,-2.8478,1
-3.6248,-0.67595,3.6448,2.88,1
-1.3794,-1.5664,-2.4784,-2.5048,1
5.5203,5.7462,2.2071,-0.85907,1
-1.7056,-1.8446,-2.5096,-2.8167,1
-4.774,-5.0693,-1.5322,-3.5854,1
5.5007,6.0073,2.1606,-0.52091,1
-2.1343,-2.188,-2.4843,-2.4255,1
5.7025,6.1417,1.9769,-0.8568,1
-1.8467,-2.0242,-2.4626,-2.6491,1
-0.84717,-1.1713,-2.4615,-2.723,1
2.1321,1.9411,1.7139,3.6512,1
7.1959,7.1364,2.5581,-0.29731,1
-1.8353,-1.9035,-2.5656,-2.4596,1
-0.50809,-0.85458,-2.0799,1.5174,1
0.26907,-0.62967,-2.3733,-1.9824,1
-2.0106,-2.1938,-2.5536,-2.7241,1
-0.089848,-0.68633,-2.1812,-1.7945,1
-1.4382,-1.5709,-2.4034,-2.1681,1
-0.61839,-0.96949,-2.1786,1.4168,1
3.9164,3.2995,1.6246,0.16632,1
0.56066,2.9875,-2.8011,-0.12507,1
0.96923,-0.15189,-2.7909,-2.9293,1
-0.63889,-1.2037,-2.3595,-2.3376,1
-0.28913,-0.67382,0.92596,1.1148,1
-3.5297,-3.038,-0.83418,-2.8922,1
-1.6592,-1.7875,-2.4476,-2.2608,1
0.92412,-0.22851,-2.7227,-2.6643,1
-2.355,-2.3976,-2.4329,-2.7699,1
-0.54821,-0.94154,0.90236,0.32622,1
5.0092,5.196,2.215,-0.7946,1
-3.4325,-2.8889,-1.054,-2.879,1
-1.2159,-1.3743,-2.3828,-2.1005,1
-1.2635,-1.4505,-2.4021,-2.2433,1
-0.16585,-0.59746,-2.1904,-0.21004,1
-2.1706,-2.261,-2.5012,-2.5,1
0.47256,-1.6661,-3.0121,-3.5687,1
-2.8453,-2.9925,-1.8813,-3.7623,1
0.059642,-1.1235,-2.8571,-3.4955,1
-0.042345,-0.54812,-2.0666,-2.3882,1
2.9811,2.8173,4.2786,12.419,1
-0.83725,-1.1498,-2.0367,-2.1161,1
-3.2012,-2.9339,-1.863,-2.1771,1
-0.98215,-1.2649,-2.2598,0.4417,1
-2.5078,-2.6402,-2.4074,-2.7158,1
-2.7017,-2.6816,-2.1906,-2.3447,1
-0.060758,-1.0445,-2.9325,-3.6494,1
-2.2881,-2.5194,-2.4657,-2.7846,1
4.8842,5.0284,1.7739,-0.015364,1
-2.6995,-2.7164,-2.1743,-2.4129,1
0.21787,-1.4245,-2.8753,-3.9951,1
-0.90004,-1.1755,-2.3398,-2.0645,1
-3.9015,-3.9275,-2.1376,-3.9873,1
4.7966,3.6339,-2.6705,-2.8485,1
-0.31655,-0.77244,-2.058,1.4507,1
0.23101,-0.47233,-2.4902,-0.30787,1
-0.20169,-0.60087,-2.1896,-2.0427,1
1.6385,-0.31122,-2.6075,-3.5224,1
-1.8033,-1.977,-2.4874,-2.6209,1
-2.3837,-2.5803,0.60932,-1.4175,1
4.341,4.8371,2.4125,-0.64915,1
-0.77464,-1.1606,-2.3429,-2.7291,1
-0.7684,-1.0384,-2.3298,-2.1173,1
-1.361,-1.5064,-2.4083,-2.1893,1
4.4381,5.1666,0.72211,-1.2643,1
-1.0018,-1.2072,-2.291,-1.9059,1
4.6593,5.1645,1.9775,-0.84569,1
-0.97768,-1.1883,-2.3551,-1.9435,1
0.16536,0.69895,1.1681,0.92631,1
9.1087,17.648,1.7128,2.7506,1
-0.062117,-1.6259,-3.3097,-3.2343,1
5.9521,6.2352,2.3416,-0.0032917,1
-3.3998,-3.2032,-0.96688,-3.0882,1
5.4296,5.4134,2.1222,-0.50444,1
4.6742,5.1975,2.0176,-0.56461,1
-0.22697,-0.6844,2.2197,-2.5313,1
-3.8055,-3.3928,-1.4776,-3.2906,1
-1.4932,-1.6539,-2.4967,-2.5708,1
-2.4129,-2.513,5.1836,-0.74833,1
0.78749,-0.63218,-2.5806,-3.9341,1
-0.80376,-1.0701,-2.278,-1.982,1
-3.1763,-3.2346,-1.3918,-3.3221,1
-0.32969,-0.72315,-2.192,-1.9035,1
-3.2109,-3.2941,-2.191,-3.5019,1
4.1411,3.5463,0.3848,1.0735,1
-1.6225,-1.8031,-2.4911,-2.6364,1
-0.49942,-0.81646,-2.1773,-1.8468,1
0.058766,-1.1319,-2.8542,-4.1263,1
-3.022,-2.6139,-1.0647,-2.3097,1
5.0498,5.5605,1.6919,-0.55537,1
1.615,1.374,0.15784,-1.4788,1
0.56016,-0.41421,-2.659,-2.7863,1
-0.18493,-0.70387,0.71203,1.2611,1
-2.8411,-2.9799,-1.7879,-3.7564,1
-2.3018,-2.4332,-2.5538,-2.677,1
0.019729,-0.63962,-2.092,-1.6392,1
2.9049,1.9882,1.3549,-0.93268,1
-0.12737,-0.64198,-2.1328,-1.6616,1
-1.1688,-1.4901,-2.3971,-2.6525,1
-2.108,-2.1725,-2.5295,-2.565,1
-0.30064,-0.78493,-2.0325,0.27373,1
-2.4231,-2.5047,-2.5314,-2.5812,1
-0.18218,-0.40221,0.82866,2.5467,1
-4.6121,-4.8559,1.0719,-0.61209,1
0.19269,-1.1488,-2.6448,-3.7093,1
-1.7023,-1.8174,-2.417,-2.4495,1
-1.0089,-1.23,-2.2958,-1.9972,1
-1.8966,-2.0753,1.0291,-0.6701,1
0.3615,-0.80661,-2.7334,-3.7215,1
-0.48373,-0.81664,-2.2481,-1.858,1
-1.2385,-1.4789,-2.5253,-2.8011,1
-3.1547,-2.9575,5.6577,-2.835,1
-1.0788,-1.2819,-2.3672,-2.1267,1
-0.27646,-0.76306,0.70292,0.52006,1
0.11687,-0.4077,-2.1252,-2.2197,1
-0.97754,-1.1542,-2.2868,-1.8685,1
-1.4196,-1.6165,-2.5342,-2.5971,1
-1.7574,-1.855,-2.5298,-2.4126,1
-3.1711,-2.9938,-0.62066,-2.9131,1
-3.6588,-3.641,-2.7642,-3.2892,1
-2.1951,-2.3649,0.6735,-1.0034,1
5.8415,6.1698,0.94608,-1.2692,1
-3.1581,-3.084,-2.0673,-2.6708,1
0.38135,3.1939,-2.7488,0.60017,1
-1.1884,-1.4748,-2.4032,-2.5683,1
-3.5456,-3.507,-2.2243,-3.3261,1
-0.97428,-1.2359,-2.3581,-2.2428,1
-3.4604,-3.632,-2.1387,-3.7829,1
-1.6359,-1.8516,-2.487,-2.7091,1
-2.1482,-2.236,-2.489,-2.5077,1
3.9388,3.2575,0.74585,0.59778,1
0.54559,-1.1866,-2.5859,-1.0769,1
3.6022,3.0188,1.6237,0.24455,1
-2.7478,-2.9598,-2.3008,-3.2319,1
-0.41528,-0.849,-2.0768,1.1644,1
-3.8566,-3.8442,-2.8301,-3.4659,1
-0.84089,-1.1364,1.6721,0.80139,1
-0.40637,-0.79195,-2.0767,1.4409,1
-2.6959,-2.8288,-1.3821,-2.2176,1
0.6122,-0.9431,-2.8417,-3.688,1
5.5393,6.0736,2.3259,-0.68002,1
0.02224,-0.49464,-2.1888,-2.1875,1
-1.0458,-1.2242,-2.3127,-1.9793,1
-0.25631,-1.5474,-3.0417,-2.9715,1
0.59675,0.40739,2.1849,3.0455,1
0.061648,-1.6806,-3.0913,-2.946,1
4.1465,3.5296,-2.5352,0.99159,1
-3.041,-2.8894,-0.8915,-3.0043,1
-0.97067,-1.2397,-2.2674,-2.6095,1
-0.26912,-0.83814,-2.1882,-1.9392,1
0.22296,-0.80821,1.3938,-1.0917,1
0.43194,2.1836,1.0996,-0.38904,1
-3.8349,-3.7516,-2.0954,-3.4867,1
5.2754,5.5938,2.2891,-0.69913,1
1.3952,-0.17948,-2.7469,-3.3078,1
-0.025033,-0.84476,-2.4024,-4.015,1
0.26796,-0.66231,-2.9752,-1.3911,1
4.1912,3.4895,0.9591,-0.14455,1
-3.4497,-3.1758,-1.4519,-3.0054,1
-0.4776,-0.82775,-2.1072,1.6453,1
0.42829,-1.7113,-3.3068,-3.4311,1
-2.3515,-2.4071,-2.4177,-2.572,1
-4.1457,-4.1607,-3.335,-3.52,1
-6.8286,-7.4134,-2.2437,-8.4852,1
-3.2724,-3.3823,-2.8488,-3.4847,1
0.35494,-0.7992,-2.9278,-3.0048,1
-0.1783,-0.55801,-2.0152,1.5682,1
-0.49022,-0.80103,-2.2486,-2.0438,1
-0.49203,-0.77857,-2.0992,1.1991,1
-3.9928,-3.8807,-1.5991,-3.7359,1
-0.38803,-0.73406,-2.1709,-1.7744,1
-2.5692,-2.6581,-2.2904,-2.5601,1
-0.89205,-1.138,-2.3528,-2.006,1
0.73687,-0.32236,-2.5909,-0.0048451,1
-0.64603,-1.0091,1.758,0.29475,1
0.082757,-0.61459,-2.0424,1.7294,1
0.53233,-1.7005,-3.0339,-3.5952,1
4.7035,5.0579,1.5541,-0.023273,1
-1.0946,-1.298,-2.3721,-2.0803,1
0.71034,-0.21112,-2.7718,-2.6362,1
-3.9915,-3.9806,-1.3459,-3.9193,1
1.756,-0.38441,-2.4271,-3.0628,1
0.47383,-0.15422,-2.6557,-3.2211,1
0.71865,-0.48746,-2.4719,-1.1898,1
0.1877,-1.1361,-2.4628,-1.0914,1
1.2935,11.2,2.5251,2.2408,1
-2.9521,-3.0728,-1.5343,-3.3704,1
-0.23315,-0.61997,0.9849,1.0283,1
-1.4658,-1.6224,-2.4151,-2.2912,1
0.55365,-1.6727,-3.2562,-3.0665,1
0.15793,-0.75267,-2.4639,0.42633,1
5.3122,5.567,2.2718,-0.46701,1
-3.6462,-3.1088,-0.78728,-3.1194,1
-3.0141,-3.2814,-2.77,-3.8052,1
-0.42048,-0.86723,-2.1603,1.0827,1
4.1321,3.4695,0.70796,0.93274,1
0.7689,-0.70453,-2.6703,-3.2924,1
-3.788,-3.6724,-2.014,-3.3897,1
-0.38558,-0.70122,0.73222,1.2241,1
0.18761,-0.78914,1.2517,-1.52,1
0.85592,-0.36561,-2.495,-3.5568,1
-0.60225,-0.94323,0.91092,0.83154,1
-3.2664,-3.136,-1.9159,-2.4189,1
-3.5991,-3.3221,-1.3605,-3.2443,1
-1.1213,-1.3083,-2.3183,-2.1792,1
-3.8176,-3.9005,-2.9005,-3.4343,1
3.3159,2.8375,1.4377,-2.1488,1
-3.1902,-2.9807,-1.4903,-2.6297,1
-0.05993,-0.76558,-2.7236,-3.1046,1
0.94225,-0.86121,-2.6581,-4.1513,1
-1.7062,-1.9313,-2.474,-2.8146,1
0.5235,-1.1178,-2.8673,-3.6024,1
5.2076,5.7625,1.86,-1.0574,1
-1.0455,-1.2836,-2.3038,-2.0826,1
-0.90853,-1.1322,-2.241,-1.9777,1
-0.31101,-1.5927,-3.2295,-3.0838,1
-2.6409,-2.7129,5.0648,-0.57413,1
-4.0616,-4.0477,-1.8289,-3.6486,1
-1.1239,-1.3512,-2.3973,-2.2202,1
-1.6832,-1.8367,-2.5119,-2.5256,1
0.3436,-1.0221,-2.7371,-3.6821,1
-0.54843,-0.79166,-2.4135,-3.4499,1
-2.7738,-2.8441,-2.2845,-3.3076,1
0.18773,-0.85565,1.2912,-1.5242,1
2.4185,2.8416,3.1078,-4.6296,1
-0.3405,-0.74938,0.66268,1.0749,1
-0.25363,-1.2459,-2.9616,-2.8693,1
0.76694,-1.746,-3.2345,-3.2001,1
-3.4786,-3.4158,-1.9588,-3.0561,1
-2.4984,-2.5414,-1.272,-2.4186,1
-0.062031,-1.5081,-2.7511,-3.3214,1
-0.023339,-0.62245,-2.1972,-2.2038,1
-0.4055,-0.86849,0.75238,0.89477,1
5.6709,5.894,1.7829,-1.4167,1
-0.68584,-0.93461,-2.2755,-1.8304,1
-3.8793,-3.5188,-1.85,-3.2749,1
3.8733,3.1937,1.1468,-0.1028,1
0.078017,-0.38335,-1.9919,-2.0442,1
1.1804,0.033736,-2.8185,-2.5054,1
-1.1154,-1.3789,-2.4206,-2.3266,1
4.0783,3.3481,-2.6077,-2.9535,1
-3.1871,-3.2013,-1.6013,-2.9726,1
-3.6666,-3.7776,5.4637,-1.6588,1
-0.57549,-0.93719,-2.3194,-1.9889,1
-1.5598,-1.7775,-2.5262,-2.8866,1
-0.34644,-0.70287,-2.2276,-1.8075,1
1.1504,-0.61341,-2.2239,-0.53154,1
1.4059,-0.12728,-2.7013,-2.7142,1
6.7216,6.6445,2.2158,-0.94419,1
-1.1185,-1.3569,-2.4169,-2.3164,1
8.8695,16.946,1.926,2.918,1
6.1948,6.3178,2.554,0.019975,1
0.63697,0.55472,1.2093,4.1011,1
1.6769,-0.10083,-2.6044,-3.2395,1
3.1656,2.9759,1.3242,0.56267,1
-3.3391,-3.435,-2.1758,-3.8242,1
1.4351,-0.22561,-2.5623,-3.2168,1
2.3799,2.339,4.9667,4.1807,1
-3.1554,-2.639,0.4622,-0.87813,1
-1.297,-1.4291,-2.417,-2.0933,1
2.4533,2.1206,4.4062,-0.83264,1
-2.7681,-2.8403,-2.4188,-2.6139,1
0.88945,2.4955,-2.6496,-3.2342,1
-0.52646,-0.77347,-2.1867,-1.7785,1
2.572,2.1841,1.6119,-1.8316,1
5.7334,5.678,2.0151,-0.71098,1
-3.1578,-3.156,-1.3294,-3.2441,1
-1.6419,-1.8414,-2.5085,-2.6826,1
-1.4189,-1.6275,-2.4816,-2.452,1
1.1507,-0.70205,-2.5441,-3.9071,1
2.7841,2.3429,1.2006,-0.75447,1
4.0231,3.3094,-2.6082,0.83392,1
-1.0732,-1.3333,-2.3862,-2.4597,1
-0.071872,-0.56395,-2.0086,-2.3604,1
0.29077,3.2993,-2.6326,-3.0057,1
0.71866,-0.77183,-2.597,-3.6626,1
-2.6381,-2.7837,-2.3748,-3.0007,1
0.47772,-0.7478,-2.6411,-3.7756,1
0.57115,-0.39291,-2.6197,-2.5767,1
0.70805,-0.78124,-2.5202,-3.2252,1
-0.22883,-0.78913,-2.1156,1.435,1
-3.4263,-3.4139,-1.9846,-3.1477,1
-2.2189,-2.2789,-2.4635,-2.544,1
4.425,5.0975,1.5978,-1.1252,1
-4.0066,-3.9884,-1.3027,-3.7282,1
-0.27768,-1.5681,-2.9842,-2.9558,1
-3.7365,-3.7012,-1.5514,-3.6394,1
-3.017,-2.4116,-0.77405,-2.5498,1
-2.2096,-2.371,-2.4952,-2.7984,1
-0.93073,-1.2712,-2.3513,-2.5492,1
1.899,-0.11711,-2.558,-3.0553,1
-2.6673,-2.7,-2.3112,-2.5541,1
-0.12011,-1.5102,-3.2326,-3.2858,1
0.45086,-0.23474,-2.6602,-2.2026,1
-3.7614,-3.6748,-2.6042,-3.3846,1
-3.8092,-3.5055,-2.0051,-3.1653,1
4.0026,3.3498,1.7341,-0.33314,1
-0.79385,-1.0436,0.67563,0.93877,1
-3.2389,-3.3627,-1.3742,-3.3306,1
4.8159,5.0668,2.0886,-0.89629,1
0.84738,-0.85861,1.4282,-1.1065,1
-2.0735,-2.1117,-2.5528,-2.5487,1
1.9397,-0.12974,1.2043,-0.42222,1
-1.4525,-1.7914,-2.1351,-2.5973,1
-3.4796,-3.4672,-2.5613,-2.9402,1
0.39152,-1.0182,-2.4721,-1.4136,1
-0.76071,-1.0306,-2.3118,-1.972,1
-1.3172,-1.4923,-2.3138,-2.4675,1
-0.065128,-0.66774,1.1915,-1.1378,1
-2.7622,-2.5816,-0.99592,-2.1665,1
0.5343,0.64443,3.648,2.3889,1
0.91515,0.67405,2.0112,-0.3296,1
-7.4316,-7.163,-0.69158,-10.097,1
-2.2483,-2.3519,-2.4993,-2.661,1
-0.49775,-0.82286,-2.2409,-1.9095,1
-2.4035,-2.4116,-2.4376,-2.4121,1
2.5267,2.1446,0.20836,1.3557,1
-1.6282,-1.7592,-2.4864,-2.546,1
0.0037307,0.33564,-3.172,3.5276,1
2.6466,1.694,-1.27,-0.71423,1
0.53729,-0.41503,-0.039759,0.0162,1
-3.1822,-4.1688,-1.5751,-0.79071,1
0.14773,-0.69643,-1.4985,1.5736,1
2.2114,1.6594,0.0097612,-0.75742,1
-2.3601,-3.5796,-1.9921,3.5972,1
1.7658,0.97625,0.15387,-0.27424,1
-0.77074,-1.2936,-1.3707,2.6235,1
-1.8902,-2.883,-2.2722,4.4893,1
-1.3383,-2.2621,-1.7551,2.8609,1
-2.4604,-3.0045,-0.10296,0.70265,1
0.44073,-0.15213,-0.82682,-2.4826,1
-3.328,-2.2386,3.7584,0.75843,1
2.0497,1.3604,1.1529,-1.1118,1
-4.2793,-5.9611,-2.0851,0.50044,1
-3.2466,-4.6512,-1.679,1.6111,1
-0.16751,0.3752,-1.1742,1.7844,1
0.23979,-0.4183,0.49369,1.1971,1
1.6915,1.2363,1.0913,-1.3384,1
1.0451,0.50512,-1.5252,0.41143,1
-2.831,-3.3935,-0.17421,-0.052126,1
2.4129,2.4968,4.166,0.8194,1
2.0772,1.229,-1.9341,0.16705,1
-2.5929,-3.8217,-2.5696,2.9947,1
1.9947,1.5208,-0.96321,-0.60617,1
1.915,1.0497,0.90146,-0.52849,1
-2.3845,-3.5174,-0.51312,-0.21639,1
-2.4127,-2.7352,-0.36156,0.081421,1
-1.6891,-2.5004,-1.7559,4.4065,1
-3.0956,-4.474,-2.9004,3.3033,1
2.0432,1.2567,0.81587,-1.3513,1
0.31523,1.0496,0.78747,0.22708,1
-1.3217,-2.2592,-2.9853,4.684,1
1.7023,1.1981,0.96819,-0.93664,1
0.25082,-0.33202,0.80852,-0.83958,1
0.36095,1.4781,-1.6482,0.41395,1
0.19113,-0.48556,-0.33369,0.73141,1
1.5111,0.86366,-1.5177,-0.25025,1
-0.74148,-1.7268,-2.0975,2.8795,1
-1.1401,-2.1688,-2.0959,3.1333,1
2.1849,1.462,-0.23012,-0.78341,1
1.7441,1.2827,0.92026,-0.87405,1
-2.262,-2.7116,-0.15122,0.070035,1
-3.8505,-5.3845,-2.3945,1.7919,1
-3.2324,-4.5053,-1.1057,0.51563,1
-0.21292,-0.80464,-0.83415,1.846,1
0.54367,0.97405,0.84804,-0.77817,1
-0.91595,-1.6545,-1.884,2.8622,1
1.8039,1.1918,1.0458,-0.99349,1
1.0215,0.94855,-1.9178,1.022,1
-0.10139,-1.0859,-3.7317,2.6852,1
-2.1008,-2.8789,-0.59013,-0.65182,1
-2.7374,-4.135,-2.8908,2.9469,1
-2.1047,-3.4564,-3.4217,3.7507,1
2.0404,1.5723,1.0248,-1.2735,1
0.17893,-0.34838,-1.152,1.8903,1
2.4333,1.626,-1.4335,0.26895,1
-0.4773,-0.9426,-0.91454,1.5928,1
0.58389,0.56243,-1.6088,1.7095,1
-0.18372,-0.68912,-0.44604,1.625,1
-2.2678,-3.4417,-2.8702,4.3221,1
1.6731,1.2731,0.93486,-1.2199,1
-1.3259,-2.0928,-2.0791,3.5737,1
2.702,1.9492,-1.0597,-0.63796,1
2.1436,1.2778,-0.37806,-0.76645,1
0.16357,-0.45629,0.051914,-0.25898,1
-0.23998,-0.71875,-0.55981,1.4154,1
-3.4197,-3.9693,-1.014,-0.408,1
-3.8862,-5.3715,-1.3831,0.46179,1
1.776,1.021,0.9456,-1.1233,1
-2.3849,-3.752,-2.8342,3.0597,1
1.4071,1.6054,-1.6068,0.1845,1
-2.5618,-2.8987,-0.61308,0.22373,1
0.95565,0.33607,-1.5209,-0.49253,1
-0.86554,-1.6164,-1.965,3.1326,1
-3.2378,-4.3147,-0.62808,0.70573,1
2.4086,1.7563,-1.2705,-0.86664,1
1.903,1.3358,-1.4407,-1.0274,1
-2.0843,-3.1175,-2.7457,3.9227,1
-1.0064,-1.7401,-2.0746,3.1638,1
-1.8505,-2.1372,0.027729,-0.67923,1
1.8657,1.4126,0.85091,-1.4517,1
-1.2142,-1.9909,-1.934,2.9819,1
-2.753,-4.3041,-2.6848,2.4184,1
1.584,1.0075,-0.2019,-0.089534,1
2.3742,1.7357,0.079069,-0.69838,1
1.6871,1.0332,0.77697,-0.38738,1
-2.8195,-3.8606,-0.76499,1.7759,1
-0.17889,-1.3338,-4.0821,4.8214,1
1.3579,0.57505,-1.4342,0.37426,1
0.17088,-0.40278,2.3838,0.78403,1
-3.2937,-4.5289,-2.3003,1.825,1
-1.9049,-2.8702,0.15349,1.4653,1
-0.33186,0.14879,-1.7651,2.7965,1
0.16963,-0.28388,-0.36238,0.21921,1
-2.6073,-4.0503,-2.4069,2.8739,1
1.7679,1.1399,0.93703,-1.4611,1
-2.2841,-3.5608,-0.23835,-0.73015,1
-2.7121,-4.0794,-2.9565,2.5476,1
-3.6917,-5.0966,-2.0836,1.8819,1
-2.6431,-3.9236,-2.1396,2.2947,1
2.5065,1.8229,-1.2776,-1.1245,1
1.4993,1.0487,0.045362,-0.55967,1
1.4732,1.0658,-1.6983,0.58924,1
2.1934,1.4492,-0.35859,-1.1768,1
1.5539,1.7405,-1.4304,-0.019489,1
-2.9203,-3.3032,-0.72828,0.26303,1
-1.2481,-2.1979,-2.4101,3.2812,1
-2.2758,-3.5917,-2.4428,2.1083,1
-2.3442,-3.6201,-1.1501,3.0409,1
0.071804,-0.69182,-0.2711,0.80745,1
-0.071473,-0.87218,-2.5385,1.4473,1
0.64483,0.64936,-1.4577,0.28083,1
1.4895,-0.54894,-0.46769,-0.38645,1
0.16712,0.61898,-0.61229,0.54298,1
-4.2533,-5.921,-2.1468,0.46473,1
1.2336,1.2408,2.4655,2.4154,1
-1.9577,-2.9201,-0.64478,-0.58731,1
0.28214,-0.73901,-3.4909,5.2495,1
-0.59813,-1.7924,-1.1391,1.4084,1
1.5332,1.0245,0.63261,-0.34093,1
-2.1452,-2.8874,-0.35488,0.033872,1
1.86,1.0924,-2.3964,0.74658,1
-1.4495,-2.33,-2.94,3.9449,1
-3.1183,-4.6674,-1.8114,1.9982,1
1.4762,1.5241,2.7791,3.3797,1
-1.3237,-0.39272,-2.6812,4.1163,1
-3.045,-4.5871,-2.222,2.6619,1
0.13727,-0.61255,-0.41646,0.29758,1
-2.6342,-3.9431,-3.2067,3.5398,1
1.6991,1.1264,0.12002,-0.50523,1
1.5263,1.0152,0.96359,-0.27014,1
-2.6961,-3.456,0.040626,2.3836,1
-0.58321,-1.1652,-1.3035,1.966,1
-0.20387,-1.0896,-0.73652,1.3564,1
-2.8368,-4.0716,-2.0176,2.2659,1
1.5331,0.79862,-1.2819,-0.1607,1
-0.054161,-0.75884,-0.92661,1.5648,1
-1.2964,-2.1629,-2.5151,3.9589,1
-2.2087,-2.8015,-0.26119,0.14601,1
2.1996,1.5324,-0.098514,-0.71391,1
-1.3904,-2.5906,-2.3567,3.3607,1
0.11886,0.9231,1.8727,0.9889,1
-3.5999,-4.8551,-1.3547,1.1084,1
0.80385,0.2112,-2.2165,1.6641,1
0.19814,-0.5229,-0.13033,-0.15348,1
-2.5958,-3.0584,-0.61704,0.014719,1
-0.47404,-1.4011,-1.0161,1.7752,1
1.4634,-0.57729,-0.28216,-0.018136,1
-3.4299,-4.8569,-1.7792,1.0667,1
1.5348,1.0581,-0.75638,0.35734,1
1.8753,1.2924,-0.38915,1.1993,1
-2.8667,-3.0977,-0.12471,0.35725,1
-2.2083,-3.2923,-2.1199,3.7744,1
-0.97451,-1.9416,-2.1295,3.2607,1
1.067,1.1371,2.0406,3.1488,1
2.1024,1.1972,0.90363,-0.89101,1
1.2691,-0.42282,-0.85432,0.99492,1
2.4063,1.7769,-1.2916,-0.9307,1
-2.4265,-3.2909,0.20319,1.635,1
0.117,0.71973,-0.43592,0.66508,1
-2.418,-3.7746,-3.2546,3.1888,1
-2.4678,-2.7836,-0.57328,0.16594,1
-0.23889,-0.92168,-0.65066,1.6869,1
-2.5803,-3.2916,-0.78114,-0.19321,1
-2.5234,-3.5984,-1.759,3.7251,1
13.023,11.839,14.05,-8.8705,1
8.8419,8.1824,13.501,-10.313,1
4.6703,0.24765,7.5046,-3.506,1
1.2652,1.5462,10.747,-6.1231,1
12.514,11.63,14.342,-10.159,1
2.6595,2.7695,12.333,-8.0687,1
8.0801,8.0642,13.584,-9.9811,1
13.381,11.876,14.244,-10.596,1
10.959,10.345,13.637,-10.376,1
11.435,10.836,13.677,-9.4988,1
3.8224,5.8416,11.178,-6.736,1
3.6824,6.074,11.844,-7.3856,1
11.146,10.552,13.411,-8.4622,1
12.823,11.464,14.57,-6.8412,1
8.8833,8.6236,14.269,-13.879,1
9.288,8.9896,14.307,-13.573,1
0.6922,0.92117,8.87,-3.9103,1
-0.34823,-0.98663,4.2122,-0.64641,1
9.7499,9.4824,13.698,-11.153,1
3.9631,4.6471,13.099,-10.173,1
12.228,11.48,14.293,-11.892,1
9.5377,8.9038,15.587,-16.518,1
11.322,10.818,14.233,-8.2613,1
4.6874,4.1266,8.7464,-3.4895,1
1.582,2.2823,10.849,-6.6889,1
12.608,11.334,14.485,-12.111,1
13.197,11.562,14.745,-10.141,1
12.629,11.274,14.067,-11.409,1
11.41,10.575,14.071,-12.312,1
12.712,11.364,13.355,-7.5238,1
-0.1007,0.5858,7.4731,-3.2824,1
0.0023379,-0.1424,8.629,-4.0975,1
1.7604,2.0781,10.932,-7.0295,1
8.1143,7.8426,13.599,-11.122,1
10.506,9.9572,13.778,-11.819,1
11.723,11.373,14.013,-10.081,1
0.9589,1.4818,10.081,-5.3015,1
3.4751,3.4408,12.844,-8.581,1
7.4854,7.2686,14.864,-15.554,1
6.9691,6.78,14.571,-12.725,1
1.1468,2.9937,10.299,-6.4231,1
9.5728,8.7924,13.347,-9.5229,1
10.158,9.6987,13.787,-10.049,1
4.3716,1.7527,10.624,-5.1565,1
11.239,10.995,14.573,-12.195,1
4.5844,4.5886,13.934,-10.407,1
12.296,11.039,15.841,-14.94,1
0.082093,0.14968,5.4468,-0.75724,1
8.296,8.0694,14.42,-13.605,1
7.0136,6.5413,12.739,-9.0445,1
5.1298,1.4638,10.243,-4.2329,1
12.847,11.258,15.017,-12.458,1
8.4653,7.5497,13.842,-10.391,1
6.3982,6.2278,14.823,-14.506,1
4.0394,6.111,13.714,-9.598,1
1.0338,1.0316,1.4307,1.7612,1
2.7211,0.73965,12.497,-6.3763,1
8.0596,8.07,13.546,-10.364,1
12.828,11.655,14.075,-9.6266,1
10.849,10.754,14.404,-9.4858,1
5.304,5.1855,12.479,-8.6809,1
3.1841,3.6793,12.466,-8.9905,1
8.1347,8.1516,14.082,-12.565,1
7.2627,7.1938,14.233,-13.333,1
-2.8727,-4.2749,1.3745,-0.84579,1
12.324,11.471,14.204,-10.828,1
9.687,9.0287,14.399,-12.74,1
9.5139,9.0233,14.077,-12.964,1
12.637,11.31,15.41,-11.592,1
8.9534,8.0314,13.565,-8.928,1
13.873,11.928,13.788,-10.384,1
8.5051,6.4787,10.946,-6.8469,1
0.6276,0.62743,1.3865,1.4196,1
2.0375,0.69076,11.713,-5.1463,1
10.043,9.5811,13.972,-12.2,1
2.2323,2.2289,10.806,-5.9582,1
7.2047,6.9788,13.568,-10.411,1
2.7647,2.4764,12.303,-8.1457,1
-0.0069815,0.2699,7.4565,-3.0461,1
1.5473,1.0821,9.9075,-4.6578,1
4.0163,3.7315,13.297,-9.2018,1
13.497,12.109,14.331,-9.2998,1
1.8891,2.9296,11.505,-7.5682,1
11.784,11.055,13.948,-10.216,1
12.164,11.23,15.48,-13.885,1
11.023,10.792,14.091,-12.719,1
6.0137,5.9307,13.609,-11.274,1
9.221,8.7137,13.72,-8.9037,1
1.1612,0.61335,2.8075,-1.3301,1
5.551,4.9784,12.252,-8.6788,1
6.8083,2.9556,12.444,-7.8031,1
-1.641,-3.0557,-0.817,-0.69344,1
6.4834,6.449,14.601,-12.94,1
-0.39553,0.1585,6.2773,-2.4543,1
11.869,10.868,14.285,-12.992,1
14.231,12.4,14.727,-7.0407,1
12.407,10.96,15.28,-10.69,1
2.7687,2.5302,11.659,-6.3138,1
1.426,2.1132,11.928,-7.1039,1
8.2417,7.5387,14.047,-11.767,1
3.4921,4.6595,11.838,-8.4027,1
0.97718,1.7424,10.918,-6.0647,1
8.8886,8.5747,13.847,-11.271,1
3.7391,3.9211,13.456,-10.359,1
14.692,12.61,14.254,-7.8014,1
2.8309,4.0826,13.433,-9.8308,1
12.398,11.175,13.507,-8.0878,1
2.2627,11.163,9.2932,-9.4098,1
9.4535,8.9252,13.388,-9.6874,1
9.5003,8.2813,13.788,-9.8378,1
7.3495,7.1717,14.691,-12.915,1
4.4538,4.2415,14.324,-10.819,1
9.5804,8.7407,15.112,-13.852,1
9.4397,9.7454,14.319,-9.8397,1
1.1302,3.0418,10.094,-6.1737,1
-0.32916,0.65408,6.7801,-2.9437,1
13.562,11.526,14.423,-11.191,1
11.458,10.056,13.945,-10.639,1
12.812,11.949,14.032,-8.5466,1
0.2605,1.4359,8.7982,-4.7633,1
7.203,6.9486,13.383,-10.378,1
12.266,11.204,13.915,-10.421,1
7.881,7.2348,13.613,-10.066,1
0.33126,0.95498,7.9397,-3.5267,1
3.671,4.3347,12.595,-8.9837,1
10.739,10.734,14.051,-11.108,1
13.225,11.927,13.944,-10.142,1
12.997,11.781,14.057,-9.1733,1
8.2493,7.9089,12.869,-7.9364,1
14.214,11.631,14.429,-9.6356,1
4.9504,4.2385,11.715,-7.7567,1
12.78,11.752,14.235,-10.137,1
-0.39933,-0.09481,5.2642,-1.0629,1
6.7823,6.565,12.545,-7.965,1
0.26222,1.3653,8.8589,-4.9616,1
0.058328,-0.55886,6.7535,-2.279,1
6.7589,6.4774,13.83,-12.228,1
11.922,10.779,13.912,-9.6724,1
7.9952,7.8146,14.145,-12.22,1
12.952,11.493,14.516,-7.2184,1
3.7826,3.5866,11.664,-6.7058,1
13.549,11.66,13.923,-10.937,1
9.3123,8.3781,13.705,-9.7783,1
14.477,12.433,14.227,-8.361,1
11.404,10.759,14.427,-12.638,1
6.5392,5.8719,12.589,-9.263,1
14.093,12.715,14.072,-9.1844,1
12.975,11.434,15.082,-12.684,1
9.1284,8.581,15.377,-16.022,1
12.008,11.308,13.796,-10.981,1
9.8446,9.3864,14.496,-12.642,1
11.96,11.207,14.687,-11.282,1
7.3926,7.4604,13.516,-10.549,1
-3.1353,-3.1304,-3.6632,-7.2548,1
11.866,10.92,13.869,-9.8478,1
2.3452,-0.64141,8.9241,-3.0466,1
11.801,11.232,14.587,-9.7226,1
0.38609,1.9368,9.6138,-5.0344,1
0.85341,2.3846,9.3131,-5.1912,1
10.825,10.122,14.137,-12.624,1
9.4084,9.7189,14.131,-9.925,1
12.248,11.292,14.016,-10.902,1
11.628,10.264,13.855,-9.4455,1
8.7332,8.652,13.955,-11.692,1
5.0279,4.7015,12.056,-7.6303,1
5.3389,5.0394,12.116,-7.5848,1
0.076341,0.9335,7.2076,-1.7825,1
-0.54917,-0.58722,0.40206,-1.199,1
7.5669,7.3722,14.64,-14.046,1
10.774,9.6374,14.023,-12.557,1
5.6661,5.6062,13.302,-10.545,1
5.7493,5.3987,12.562,-8.77,1
9.5462,9.2956,14.439,-11.254,1
6.3595,6.2838,14.484,-13.173,1
1.6073,2.6318,11.729,-7.0998,1
0.24306,0.036221,2.852,-1.4025,1
1.8657,1.7659,1.4147,-0.57974,1
4.5306,3.0266,6.2138,-1.0787,1
2.3112,0.46071,2.2099,-0.56704,1
7.8991,7.2503,5.24,-1.2821,1
3.9494,4.4117,2.3918,-1.066,1
2.747,0.96576,1.9422,0.12913,1
3.6831,2.1712,0.35566,-12.505,1
6.9423,6.0548,5.3049,-3.9077,1
4.0266,3.0935,4.2587,-10.918,1
0.51169,0.50355,1.5239,2.2377,1
4.3968,1.0317,3.0599,-2.9129,1
3.291,3.9802,2.4432,-0.14445,1
10.67,11.007,4.2356,-0.059482,1
11.212,11.404,3.0416,-1.4174,1
3.2388,1.9638,3.9267,-6.3257,1
9.9982,10.325,2.8401,-0.9926,1
5.5136,4.6365,6.5627,-3.887,1
8.0284,7.074,5.7465,-1.7982,1
4.6526,3.7014,4.4668,-10.022,1
11.29,11.079,2.9714,-0.6866,1
3.5768,1.0011,2.8719,1.7575,1
5.13,4.1319,4.9556,-6.812,1
4.0262,2.1646,3.0171,-4.155,1
3.7622,0.9506,2.4532,0.94506,1
4.6865,5.4097,2.5214,-1.7635,1
4.0759,2.4256,4.0941,-3.7162,1
-1.3164,-2.1703,1.0938,-0.19114,1
5.9448,4.9934,6.9357,-1.1089,1
1.8184,0.63813,2.2304,0.11735,1
2.0156,3.1694,2.3039,-0.78845,1
4.8694,6.7441,2.875,0.45771,1
-0.11741,0.81674,2.1522,-0.0017399,1
8.9249,8.0647,4.0881,-0.68543,1
-0.39691,0.18856,2.092,-0.81949,1
8.8503,10.097,4.2866,-3.7686,1
6.0853,5.0489,4.7422,-8.1973,1
10.689,10.959,3.2831,-0.93967,1
2.2647,3.2423,2.3515,0.23861,1
4.6834,2.7948,5.4706,-0.97092,1
6.7193,7.8714,2.6732,-1.5792,1
5.2503,6.0641,2.5888,-0.89209,1
3.1018,1.3843,0.21899,-0.96929,1
6.9375,6.0555,6.5048,-2.3593,1
5.2045,4.1328,7.2285,-2.9333,1
5.4545,4.3514,6.8347,-2.6748,1
3.2106,1.8971,4.4097,-16.56,1
0.57953,0.51985,2.1555,0.085335,1
4.6717,4.6889,2.871,0.23845,1
5.9277,4.2227,7.2287,-1.3129,1
6.8338,9.2826,2.7635,-0.81744,1
6.9605,6.1565,6.0736,-3.4022,1
3.5483,1.1879,0.4495,4.7107,1
10.163,10.421,3.8882,-1.8248,1
1.351,2.9456,2.2773,-0.5726,1
3.6053,3.8264,2.715,-0.39772,1
7.9379,6.825,5.3706,-0.8356,1
5.7163,4.867,6.1538,-4.8491,1
5.7314,4.8989,4.004,-8.5092,1
11.592,12.118,3.241,-0.63508,1
10.515,10.599,3.4164,-1.6748,1
8.7204,8.0695,4.0793,-1.8907,1
6.2147,5.1837,6.4689,-2.8402,1
9.0061,8.1728,4.9136,-0.61336,1
0.25849,0.5203,2.0063,0.099928,1
2.0579,-0.38109,1.9905,3.2051,1
4.1301,2.4885,4.0573,-0.0051494,1
4.9754,3.4356,4.7894,-11.39,1
2.6258,3.4717,2.5508,-0.37943,1
3.0554,3.802,2.1493,-0.33691,1
3.0487,3.8967,3.1866,0.26474,1
3.6603,0.78938,2.0238,-0.32009,1
0.017938,1.0019,2.0097,0.20329,1
6.4003,5.4229,5.3369,-4.1462,1
4.7662,3.3893,4.5065,-10.467,1
5.7458,4.6127,6.307,-3.0442,1
-2.2777,-2.9076,0.6552,-0.25438,1
4.1118,1.2963,3.4744,0.12774,1
5.1654,3.3593,5.1469,-10.344,1
11.332,11.411,3.2348,-1.6566,1
6.112,4.6283,7.0358,-1.2334,1
10.07,9.8118,3.7532,-1.0125,1
11.533,22.537,2.1671,3.1349,1
6.3926,8.9552,2.9901,-0.4961,1
-0.42985,0.40462,2.2086,0.13471,1
6.302,5.477,6.7921,-2.1197,1
2.1269,2.7702,-0.18998,0.75647,1
5.3826,2.5192,3.8189,-2.9182,1
2.1144,2.3502,2.3837,-0.5915,1
9.968,10.048,3.9533,-2.0614,1
4.0242,2.5547,4.402,-3.3922,1
3.7949,2.2354,4.2063,1.2998,1
9.5896,9.0208,3.5917,-1.6274,1
10.063,10.172,3.4925,-0.91317,1
8.4666,8.7176,2.7364,-0.29983,1
7.9494,6.9232,5.4541,-1.8987,1
0.68553,1.2486,-5.002,-4.1252,1
9.4674,9.2523,2.659,-2.2861,1
2.9178,4.0225,2.5486,0.42247,1
8.2475,7.5451,3.92,-2.5166,1
4.9567,3.7468,7.1331,-2.5447,1
10.73,10.605,3.4308,-1.5659,1
3.9471,2.5797,5.0983,-1.6496,1
1.8178,1.802,2.4047,-0.86941,1
4.4565,1.7745,3.1448,-1.6582,1
2.3809,2.8514,2.3983,-0.63474,1
6.0611,4.9538,7.3539,0.62206,1
8.1581,8.9303,2.7232,-0.96366,1
2.1851,1.4207,0.53912,0.52256,1
5.0312,2.4246,3.3845,-5.6312,1
1.6984,2.3894,2.1971,0.13568,1
4.0984,5.1516,3.1334,0.4459,1
5.679,4.3599,6.893,-2.8373,1
7.4137,6.4681,5.7524,-1.8838,1
6.4801,5.4364,4.9023,-4.8176,1
3.3338,4.6294,2.5868,0.31755,1
3.9047,0.96818,2.2179,2.3635,1
2.6024,1.0503,2.1425,-0.18114,1
7.2506,6.5235,5.4858,-4.0214,1
-0.28461,-0.39796,1.8745,1.074,1
8.1362,7.1925,5.668,-0.37554,1
5.2203,4.1707,6.2041,-5.9664,1
4.6331,5.5664,3.3381,-0.05295,1
4.7242,3.5995,6.7043,-5.5262,1
7.9508,6.8291,5.0414,-1.0948,1
10.756,11.362,3.329,0.03407,1
3.7167,0.99433,2.9686,2.4897,1
5.3146,6.6895,2.8283,0.1408,1
5.4798,4.4094,6.7808,-3.3276,1
1.0584,0.036859,-0.79648,0.042914,1
5.3557,4.1734,7.2654,-0.34748,1
10.815,11.093,2.96,-0.42331,1
3.7386,2.5774,4.5397,-13.266,1
7.9306,7.7325,3.8364,-3.3645,1
5.7473,4.6068,7.2285,-0.39026,1
7.2028,6.1007,6.5421,-0.49235,1
6.3172,5.3343,6.3924,-3.7111,1
6.8761,6.1273,6.1339,-1.6143,1
1.7406,3.8948,2.2895,1.0791,1
4.2055,1.2722,3.5958,-0.16661,1
1.9185,1.4017,1.0672,-0.34267,1
6.1538,2.9144,4.8394,-5.9697,1
0.64626,0.80021,2.0416,0.017544,1
4.3946,2.6293,4.4176,-0.14908,1
8.5389,8.0176,5.0288,-1.9962,1
7.9934,7.3364,4.8763,-2.2305,1
11.229,11.395,2.9343,-1.4867,1
5.607,3.9544,7.039,-2.2515,1
3.9558,4.8048,3.1208,-0.02208,1
-1.5544,-1.244,1.3358,-0.0195,1
1.1524,1.5438,2.3749,-0.52204,1
3.4178,3.1924,2.2235,-0.33343,1
10.884,11.272,3.0336,-0.67077,1
-0.0081874,0.25073,2.1124,-0.58844,1
6.1887,5.3328,6.4842,-1.8404,1
-0.27151,-0.90792,-1.3626,2.1446,1
0.74426,1.1216,0.79607,-1.0669,1
-4.6236,-6.3895,-2.4237,0.83602,1
-2.2871,-3.396,-3.2252,4.0935,1
-2.3967,-3.0864,-0.51949,0.013931,1
1.9361,1.4704,-0.49338,-0.86264,1
-2.6596,-3.8776,-3.2094,3.4275,1
-2.7742,-4.2022,-2.0585,2.7744,1
-2.3783,-3.4637,-2.3763,3.6307,1
1.6255,1.668,3.5311,3.3988,1
-0.48255,-1.2293,-1.1516,1.6124,1
-1.3183,-2.1233,-2.1518,2.9238,1
1.5526,0.96269,-1.8857,0.35261,1
-2.686,-4.0898,-0.48941,0.62522,1
2.464,1.7772,-1.151,-0.75938,1
1.5275,-0.534,-0.23511,-0.69464,1
-0.18501,-0.86328,-1.6801,2.3073,1
-2.6113,-3.9531,-2.6637,3.6086,1
-2.2068,-2.8882,-0.29565,0.2328,1
-3.7633,-4.7799,-1.9769,0.71015,1
-2.6105,-3.8352,-3.5171,2.562,1
0.6689,-0.1821,-2.4859,1.9021,1
0.49418,0.4856,-1.1496,1.293,1
1.7558,1.315,-1.7714,0.26215,1
-2.3411,-3.2455,-0.57074,-0.55014,1
-0.54285,0.23617,-1.7349,2.5784,1
-2.3815,-2.838,-0.3474,0.28679,1
2.3957,1.743,-1.3886,-1.2052,1
-3.2621,-4.8907,-1.1568,1.5447,1
-1.5427,-2.4259,-2.1274,3.1072,1
3.1937,1.9514,1.2378,0.32418,1
-3.3621,-5.1701,-2.5673,1.7138,1
2.1131,1.3401,-1.6152,0.37314,1
1.7406,1.036,-0.74934,-0.48783,1
1.4765,1.1337,-1.1985,-1.0061,1
0.047671,-0.46324,0.43104,1.2752,1
-0.37948,-1.2024,-0.97337,1.4949,1
-3.6765,-4.4257,-1.4643,-0.48964,1
-2.223,-2.8234,-0.37404,0.29846,1
-0.099206,-0.83481,-0.62067,1.5494,1
2.7836,1.5029,-0.21426,-0.40708,1
-3.6663,-4.9024,-3.5719,0.85614,1
1.7207,1.2629,-0.96472,0.026386,1
0.33329,-0.32036,-3.4175,3.1541,1
-3.4814,-4.9757,-3.2334,2.2083,1
1.3721,-0.28004,-0.10445,-0.2708,1
-3.5883,-4.3519,-2.1276,-1.0981,1
-3.1474,-4.7027,-2.4802,1.5487,1
-4.1871,-6.0769,-1.8944,0.18913,1
-0.50927,-1.3685,-0.84297,0.5332,1
-2.2183,-3.4207,-2.2855,3.3274,1
1.52,0.49707,-1.7434,0.3894,1
0.26958,-0.23032,-0.26926,-0.026509,1
1.2087,1.3341,1.3966,2.0686,1
1.588,1.0397,-1.5044,0.54393,1
-1.0407,-1.8099,-2.1491,3.0684,1
0.53448,-0.16667,0.85613,-1.8507,1
1.7364,1.3131,1.0481,-1.0755,1
2.6544,1.7276,0.045725,-0.3533,1
1.9318,1.0404,0.87069,-1.518,1
1.7271,1.1103,0.80193,-0.47507,1
0.16536,0.45616,-1.7271,1.8019,1
-2.5932,-3.6903,-1.2954,1.9828,1
1.796,0.99028,-0.73956,-0.10596,1
-2.4154,-3.1106,-0.50993,-0.50889,1
2.4857,2.4603,0.9778,1.5304,1
-3.1427,-4.6839,-2.6385,2.0088,1
-2.7381,-3.5404,-0.91715,-0.57465,1
0.2132,-0.38269,-0.0030426,-0.94863,1
-0.13475,-0.9029,-1.1691,1.7202,1
-2.6812,-4.1483,-2.3304,3.3906,1
-3.2582,-5.0071,-0.92551,0.6602,1
-2.9701,-1.6178,-1.7757,2.8805,1
-2.7662,-3.098,-0.74631,-0.59845,1
2.5774,1.4944,-0.35332,-0.78965,1
-3.1109,-4.8044,1.6926,-0.048525,1
0.024869,-0.592,-0.58573,1.2038,1
-3.4066,-5.1386,-2.4429,1.2643,1
-2.4896,-3.6984,-2.071,2.8582,1
-0.58962,-1.2379,-1.2827,2.1382,1
1.6372,1.1104,1.077,-0.99221,1
2.7762,1.6565,-1.4722,-0.90297,1
-2.3284,-2.6773,-0.60214,-0.76501,1
-2.2394,-2.7867,-0.22731,0.53789,1
-0.43725,-1.1112,-1.7742,2.7188,1
-1.1222,-2.2369,-2.2344,2.6808,1
-2.7342,-3.9662,-2.2119,2.5224,1
-2.6878,-3.1513,-0.45864,0.57051,1
-2.1686,-3.1384,-2.341,3.6344,1
-1.5875,-2.6408,-2.4274,3.1893,1
-0.46681,-1.4895,-1.4141,1.8896,1
0.15008,-0.47143,0.44363,0.071819,1
0.33571,1.0673,0.85241,-0.33599,1
-1.1611,-1.9417,-2.2293,2.6339,1
-4.0255,-5.1968,-1.8839,0.61175,1
1.5017,-0.43022,-0.18257,-0.88756,1
-2.4012,-2.7072,-0.54059,-0.25386,1
-0.21156,0.37163,-1.1652,1.8078,1
0.78659,1.3519,-1.6535,0.21636,1
-1.4704,-2.6021,-2.8113,3.3011,1
-3.3557,-4.7816,-0.88513,0.81486,1
1.9715,0.85713,-0.31786,-0.016637,1
-3.5343,-4.0969,-1.2892,-0.27369,1
-3.4184,-5.2677,-1.3872,0.50637,1
-0.95617,-1.7669,-2.1512,2.74,1
2.817,1.8578,-1.1819,-0.80049,1
0.34715,-0.52925,0.15275,-1.4303,1
2.4955,1.5995,-1.489,-0.73517,1
0.75402,0.29419,-2.0016,1.5554,1
-1.6594,-2.485,-2.5374,4.2933,1
0.63242,-0.0011699,-2.7466,4.3642,1
1.6129,1.0727,1.1961,-0.8322,1
0.14666,0.078841,0.4161,0.2702,1
2.4755,1.5509,-0.092616,0.75519,1
-0.34173,-1.0146,-1.639,2.2823,1
0.21727,-0.1832,-0.61315,-0.15555,1
1.7552,1.2638,-0.83875,1.1379,1
1.6437,1.1693,1.0031,-0.66055,1
0.73422,-0.40244,-0.9456,0.44108,1
-0.70154,-1.7478,-2.5713,1.658,1
-3.4838,-5.2324,-1.9794,0.96546,1
-0.69513,-1.5609,-1.643,2.1899,1
0.84981,1.459,-1.3852,0.11232,1
2.8152,1.8405,-1.2773,-1.1212,1
-0.23352,-1.0494,-0.92941,1.5336,1
-2.3595,-3.1592,-0.81077,-0.68504,1
-2.0455,-3.2347,-2.3616,3.1496,1
-0.60509,-1.2786,-1.9201,2.8836,1
-0.02783,-0.83573,-0.91846,1.2807,1
1.6359,0.97167,1.012,-0.33595,1
-1.7953,-2.7541,-1.6219,3.2249,1
-0.72734,-1.2138,-1.5371,2.6168,1
0.20982,-0.21459,0.63566,-0.11984,1
2.296,1.3065,-0.20997,-0.83174,1
2.1308,1.2846,-0.30028,-0.57057,1
-2.771,-3.5817,-0.13277,0.59281,1
-3.5447,-5.2986,-0.72494,0.34609,1
-0.35987,-0.91333,-1.2792,2.5775,1
-3.5569,-4.8282,-1.1642,0.84161,1
-0.61564,0.2189,-1.9442,3.641,1
2.1405,1.3775,-0.50029,-1.1689,1
0.59764,-0.22848,0.86215,-1.2238,1
1.6953,1.2601,-0.45095,1.3598,1
0.073672,-0.48007,-0.32723,0.77032,1
-1.1284,-2.2791,-2.2206,2.8488,1
-0.066925,-0.40677,-0.39527,0.95585,1
-2.5141,-3.8644,-3.0737,2.8227,1
0.077762,0.38187,-1.2024,2.0663,1
-4.3271,-5.8094,-1.9901,0.073059,1
0.1978,-0.54886,-1.9913,0.93761,1
0.14707,-0.62064,-0.33738,-0.32798,1
1.8147,1.5876,-1.2152,-0.60473,1
1.609,1.8025,-1.1907,-0.58224,1
1.8213,1.1463,-0.95443,1.1861,1
-3.3109,-4.495,-2.9512,2.7501,1
-0.97784,-1.936,-1.7817,2.3398,1
-1.2058,-2.0023,-2.2003,3.2086,1
1.2799,0.32042,2.0836,-0.88816,1
6.5149,6.6427,13.87,-12.03,1
8.1284,7.7189,13.264,-9.339,1
11.19,9.8934,14.468,-12.052,1
13.888,11.948,14.391,-9.7903,1
2.2953,11.361,14.127,-7.9165,1
13.166,11.515,13.935,-10.175,1
3.3059,3.7627,13.234,-9.3095,1
8.5544,8.0311,13.444,-9.0187,1
8.4619,8.5123,13.301,-8.8879,1
6.0004,4.9805,11.602,-6.8378,1
8.4909,8.0864,14.1,-13.023,1
5.5679,2.6266,10.919,-6.3605,1
6.2778,3.3613,11.65,-6.2433,1
6.9999,6.8747,14.754,-13.105,1
12.36,11.568,13.427,-11.498,1
7.7548,7.4026,13.772,-10.329,1
11.775,11.094,14.987,-11.239,1
12.607,11.427,13.669,-10.76,1
7.6249,7.5438,14.542,-13.55,1
-4.4107,-4.0346,-1.4019,-4.8519,1
4.2576,4.003,12.003,-7.6233,1
13.913,11.54,13.995,-9.741,1
9.085,8.798,13.81,-11.784,1
6.8154,6.7693,13.868,-12.28,1
-0.20536,0.50553,7.2821,-3.3728,1
9.3879,8.9719,15.618,-16.864,1
13.54,12.028,14.258,-9.9417,1
-3.4016,-3.3811,1.1829,-8.7102,1
12.536,11.222,14.17,-9.9936,1
-0.41372,-2.2633,3.3928,-1.1436,1
7.7882,7.4532,14.254,-11.905,1
-0.038848,0.30979,7.1779,-2.8231,1
6.4934,6.3008,13.396,-10.059,1
5.7179,5.2362,12.188,-7.8961,1
5.0683,9.7553,1.4341,2.2367,1
5.7641,5.7897,14.655,-13.239,1
-0.41925,0.13766,6.2381,-2.3658,1
7.9219,7.4819,13.782,-12.188,1
8.7868,8.5108,13.627,-9.5908,1
2.1321,1.9411,1.7139,3.6512,1
2.9122,6.3278,11.554,-6.4428,1
6.7031,6.4552,14.545,-12.231,1
12.05,11.156,13.675,-10.334,1
11.314,10.895,14.538,-7.7924,1
6.9553,6.6479,14.129,-11.807,1
11.354,10.643,13.604,-9.9595,1
7.9941,7.8328,14.992,-14.694,1
10.325,10.444,14.516,-11.474,1
11.656,11.099,13.883,-9.4129,1
12.231,11.55,13.803,-7.6312,1
13.934,12.498,13.827,-8.5021,1
4.6214,4.5254,11.708,-6.0323,1
0.42411,0.1871,9.0594,-3.7167,1
9.3802,9.8377,14.441,-13.263,1
0.67532,1.4623,8.7061,-4.3215,1
7.7832,7.8594,13.984,-12.383,1
13.533,12.104,13.979,-10.302,1
4.8561,4.591,14.304,-10.913,1
11.142,9.9227,14.015,-10.06,1
0.49698,0.83764,8.8575,-3.9045,1
0.43923,1.7013,9.3791,-5.0724,1
0.53392,-0.20258,8.2539,-2.3971,1
8.152,7.8931,15.082,-14.809,1
8.8172,8.2474,14.994,-14.095,1
10.966,10.829,14.755,-10.166,1
6.3803,6.4921,13.734,-11.49,1
14.825,11.704,13.474,-8.1193,1
5.0396,4.3211,11.512,-7.3687,1
13.62,11.204,14.705,-11.01,1
11.665,10.682,14.397,-11.119,1
9.3176,9.1963,13.429,-9.1947,1
2.4716,4.2633,13.091,-8.778,1
10.037,8.8613,13.659,-10.454,1
4.4865,4.3689,13.489,-9.5916,1
3.9942,3.2071,13.272,-9.4247,1
12.958,11.471,14.292,-9.1675,1
5.5989,5.2392,13.316,-9.1271,1
4.2942,4.7587,11.791,-6.3989,1
3.5231,5.8146,13.335,-8.981,1
12.697,11.11,15.305,-12.363,1
10.464,9.54,14.142,-11.009,1
9.1662,9.0615,13.592,-10.556,1
5.1523,3.0477,10.542,-6.6828,1
10.945,9.6907,13.775,-9.948,1
12.011,11.231,13.698,-10.104,1
13.08,11.848,13.817,-8.9163,1
12.126,11.302,13.757,-10.514,1
12.167,11.452,14.245,-8.9235,1
10.661,9.8443,14.95,-13.631,1
14.289,12.441,14.371,-7.7887,1
7.4984,7.0808,13.779,-11.922,1
6.5913,5.9451,12.057,-6.9981,1
0.097067,1.1494,8.7184,-4.0442,1
9.4467,8.6276,13.561,-8.8773,1
10.583,9.9427,14.585,-12.824,1
8.0502,8.0297,13.798,-11.582,1
-0.30166,0.66547,7.2159,-3.5315,1
9.7421,9.4238,14.248,-13.604,1
-0.21412,0.72059,7.264,-3.2715,1
0.71244,1.9471,1.8081,2.219,1
-5.4084,-6.237,1.978,-0.54849,1
13.506,11.786,14.271,-8.444,1
0.76914,1.0103,8.9952,-4.7179,1
0.58752,0.70252,7.1011,-1.5956,1
-0.26365,0.63353,6.4214,-2.3056,1
12.19,11.412,13.78,-10.058,1
0.66287,2.014,10.684,-5.7487,1
7.2768,7.2313,13.598,-10.762,1
11.702,11.084,13.88,-11.496,1
6.2647,6.0367,12.629,-9.0504,1
12.031,11.05,13.441,-8.8924,1
12.534,11.484,14.634,-7.8512,1
9.1452,8.8977,14.13,-12.463,1
3.4203,6.2748,11.581,-6.8894,1
10.052,9.5284,14.147,-13.086,1
3.7539,3.5397,11.97,-8.1423,1
10.98,10.088,14.372,-13.268,1
7.3297,7.0165,13.526,-10.749,1
9.9308,9.4936,14.2,-13.48,1
12.083,10.963,15.467,-13.195,1
10.515,9.3525,14.271,-12.259,1
8.5672,8.6944,14.843,-15.162,1
-0.33379,0.54833,7.4269,-3.2594,1
10.928,10.474,13.5,-9.2204,1
0.12181,-0.43624,6.8964,-2.5679,1
13.134,11.961,13.793,-9.4088,1
11.754,11.179,14.066,-10.663,1
4.9113,4.4899,11.634,-7.4294,1
6.3314,6.4568,14.26,-12.551,1
11.775,11.056,13.961,-11.829,1
10.451,10.257,14.491,-13.206,1
11.023,11.079,14.358,-12.283,1
9.1421,8.2889,13.356,-9.0185,1
6.0108,6.1399,13.086,-9.2145,1
10.871,10.228,13.59,-8.5543,1
5.1767,5.3343,14.003,-11.44,1
1.0958,0.64574,1.0623,1.1996,1
-3.5259,-4.4322,0.019761,-0.53128,1
12.832,11.441,14.587,-11.273,1
7.1741,6.9846,14.301,-13.657,1
9.3855,9.4142,14.213,-13.081,1
7.5113,7.3636,12.691,-8.1371,1
13.67,11.941,14.219,-11.061,1
9.5798,9.0928,14.451,-13.839,1
7.7823,7.4848,13.587,-9.7016,1
10.845,9.7101,13.741,-9.8522,1
9.1162,8.2515,13.849,-12.124,1
4.0499,7.0571,12.339,-7.7411,1
8.8067,8.4047,15.131,-14.495,1
11.431,11.063,14.089,-10.398,1
11.559,10.602,15,-12.733,1
7.4307,7.2994,13.454,-9.3746,1
6.7725,6.8223,13.819,-11.429,1
4.3316,3.6115,11.27,-5.6706,1
0.82627,0.94702,9.5863,-4.7121,1
9.7872,9.0434,14.482,-14.296,1
6.0219,1.7638,11.089,-6.2026,1
6.9219,6.4575,12.438,-7.794,1
3.4209,3.4358,13.315,-9.9269,1
11.722,10.884,14.892,-13.811,1
9.0889,8.624,13.533,-9.9523,1
3.0331,6.5265,12.029,-7.8884,1
3.4534,6.6374,12.306,-7.5262,1
9.2147,8.6686,14.684,-12.76,1
3.8232,3.4339,11.321,-7.2865,1
7.876,7.2517,14.211,-11.965,1
5.9848,6.0537,14.043,-12.355,1
12.063,11.152,13.993,-9.9696,1
12.172,11.208,14.695,-12.121,1
12.43,11.119,13.979,-9.8168,1
5.5737,5.6909,13.023,-9.8479,1
10.922,10.439,13.919,-10.677,1
5.1785,2.2552,10.742,-6.0149,1
11.055,10.255,13.658,-9.9524,1
12.254,11.167,13.496,-9.696,1
14.36,12.175,14.293,-10.757,1
-0.28814,0.63984,8.1997,-3.4227,1
9.0424,8.6424,15.222,-15.375,1
2.8535,11.358,12.277,-6.4802,1
3.1621,0.29273,1.0417,-0.40514,1
4.1748,1.212,0.40664,2.9451,1
0.2411,0.28593,2.3386,-0.32727,1
8.6692,7.5694,3.9139,-1.5595,1
6.0757,4.4119,6.8294,-2.4339,1
2.714,3.5601,2.4689,-0.97686,1
2.3172,0.57567,2.1321,-0.16999,1
5.3203,3.0209,6.3665,-3.1307,1
6.6813,5.595,2.3195,-7.8014,1
3.5138,2.3472,4.6152,-13.368,1
5.4897,4.3256,4.6883,-6.5314,1
3.8064,4.6932,3.3228,0.079947,1
5.4922,4.4169,6.9203,-2.2144,1
3.8512,1.0718,3.117,2.823,1
9.3091,11.248,2.9891,-0.65992,1
2.262,2.5212,2.2616,-0.19589,1
-1.9053,-1.938,-5.0488,-5.1838,1
0.88035,0.91367,1.8481,-0.14316,1
5.8111,6.5065,2.5849,-1.2345,1
4.3885,2.2436,3.5247,2.067,1
5.8676,4.6485,6.9963,-3.8909,1
6.0387,5.0467,7.4191,-0.3792,1
6.3155,5.0939,6.3971,-4.0714,1
1.8962,2.7813,2.1882,-0.55195,1
2.2162,3.1795,2.5625,0.15653,1
5.7567,4.7556,7.7126,0.0037871,1
7.1842,6.044,6.3373,-0.73554,1
5.7809,4.721,5.7294,-4.7007,1
3.8175,0.93716,2.6179,0.01336,1
-0.080731,0.62492,1.8833,0.25561,1
7.2017,6.2901,6.2636,-0.79171,1
5.8027,4.4687,6.6147,-3.3536,1
2.1129,2.6587,2.3091,-0.97851,1
-0.093267,0.69139,1.9612,0.20814,1
4.64,2.1824,3.8024,2.4494,1
4.9367,3.4654,4.475,-10.183,1
5.0723,2.7038,4.8376,-11.716,1
2.7334,3.8092,2.6098,0.097089,1
2.8417,17.201,2.6688,-0.17802,1
8.2451,8.9107,2.7119,-1.3032,1
5.1253,4.1317,6.9824,-3.9408,1
8.0815,7.593,5.5851,-1.1842,1
3.7896,1.0516,2.6146,3.6298,1
4.4963,2.9952,4.9478,-2.5723,1
-0.33389,0.30438,2.0911,0.0090827,1
1.0845,1.7925,2.3271,-0.52659,1
5.0006,4.7757,6.4507,-3.3482,1
3.6312,4.9679,2.5887,-0.53491,1
4.2265,2.4505,3.9679,-0.045501,1
2.3159,3.2347,2.463,-0.83769,1
5.0445,4.1603,6.8597,-3.4874,1
4.578,5.3419,2.5605,0.052433,1
5.922,4.5171,4.3732,-8.9752,1
4.557,2.8123,5.4394,-7.0909,1
4.8572,3.989,6.3755,-3.1303,1
5.2508,4.3507,5.635,-4.3304,1
3.5379,4.4046,3.2459,0.046642,1
7.9447,6.9802,5.1241,-2.417,1
3.3104,3.9806,2.4378,-0.80195,1
2.8025,3.5978,2.3866,0.87005,1
3.996,2.3463,3.2474,2.2713,1
10.013,9.998,3.3976,-1.9206,1
3.765,0.9778,3.9206,-1.0025,1
3.138,3.8674,2.1379,-0.45379,1
6.5256,5.6462,6.244,-2.7053,1
2.6259,1.051,0.28766,2.7459,1
10.912,11.317,3.7336,-0.76206,1
1.9226,2.5617,2.0756,-0.034103,1
9.7606,9.5265,4.7103,-0.83314,1
4.2578,2.74,0.9137,-12.08,1
6.0674,4.5105,4.5,-8.7847,1
5.2811,4.1325,6.6606,-3.8986,1
3.7465,1.1318,3.5019,3.4184,1
4.1695,1.0018,2.472,2.4615,1
3.8602,1.2752,3.3363,-1.7288,1
5.8182,4.2378,7.3009,-0.33701,1
6.3099,5.0242,6.2303,-3.8673,1
3.646,3.9669,2.1727,-0.68135,1
7.2581,6.1441,6.5679,-1.2732,1
9.4785,10.488,2.823,-0.30788,1
1.014,2.1648,2.3717,-0.63898,1
5.16,4.1029,4.9177,-6.3771,1
5.7552,4.463,7.4224,-3.084,1
4.6273,3.3334,6.6596,-2.8771,1
2.0286,4.3659,3.3422,0.33414,1
6.9507,5.5508,6.0416,-2.582,1
4.016,4.2853,2.3688,-1.3868,1
6.9376,5.5383,6.546,-0.85317,1
6.766,5.4375,6.9127,-1.4147,1
4.0605,3.8645,1.9241,-0.3822,1
7.9452,7.1368,5.5507,-2.068,1
1.4352,1.8045,1.7488,-0.13865,1
-0.5817,-0.55032,0.82602,3.4438,1
5.0721,2.7178,5.5951,-0.4612,1
0.057307,-0.15926,2.5901,0.53111,1
5.8616,6.5876,2.5398,-1.6975,1
5.5811,3.139,5.6536,-5.6029,1
1.5265,0.95739,0.66994,-0.19776,1
-1.6828,-1.4199,0.82586,-0.781,1
9.041,8.2982,5.1616,-0.56002,1
9.3003,9.4001,4.01,-1.0595,1
7.866,9.0545,2.9625,0.26826,1
4.7183,2.8835,5.7136,-0.52879,1
7.1278,5.9824,6.5101,-2.7263,1
6.2076,5.7377,3.6434,-7.3298,1
2.4182,3.3913,2.4587,0.64726,1
0.61462,3.4492,2.0013,0.015125,1
6.0145,7.7017,2.6373,-0.67557,1
3.4934,4.4074,2.3671,0.21718,1
10.025,9.886,3.5852,-1.2997,1
8.4734,7.8592,5.1786,-1.4934,1
4.1801,2.0964,3.9397,-9.2468,1
6.1674,5.2531,4.9348,-5.4037,1
7.8001,6.824,4.8088,-2.2064,1
5.4454,3.92,7.5228,-1.5273,1
5.2921,4.0341,7.1908,-1.5022,1
10.106,10.293,3.0307,-2.1646,1
5.0952,3.1993,5.6202,-9.1857,1
9.4397,9.4557,2.9885,-0.58384,1
4.5852,3.0214,5.5882,-9.2006,1
5.1708,2.9483,5.0748,-1.668,1
2.6937,3.6571,2.5568,0.055336,1
11.06,12.612,3.0012,-0.18763,1
1.9556,3.2632,2.1952,-0.46014,1
1.6219,2.0827,2.1982,-0.46687,1
4.0303,1.3249,4.128,3.0163,1
4.6924,5.0158,2.3918,-1.0355,1
1.5116,2.3295,2.1694,-0.12277,1
6.2133,5.2932,4.998,-3.5122,1
6.1375,3.2266,5.9715,-4.3249,1
2.7753,1.0602,0.41494,2.3044,1
5.894,4.4077,8.0967,-0.44047,1
2.8093,3.7305,2.4688,-0.83872,1
1.2868,2.4582,2.3429,-0.52627,1
5.3644,4.2839,4.5763,-6.5437,1
5.5069,4.6309,6.1777,-5.4339,1
6.701,6.9736,2.5724,-0.96278,1
-0.042205,0.41635,1.9738,-0.023651,1
5.9805,3.3972,5.2897,-8.7047,1
1.7907,3.0081,2.2156,-0.53621,1
6.339,3.2418,5.0075,-5.7106,1
11.336,12.111,3.0325,-1.7295,1
1.9022,2.4401,2.3007,0.039364,1
3.6989,2.6286,2.0761,-12.167,1
6.9475,5.7999,6.362,-1.4113,1
9.6186,8.8689,3.6984,-0.92834,1
4.7607,3.8411,4.2931,-9.1996,1
2.1591,2.48,2.1632,0.2928,1
0.97391,1.4316,3.0206,0.9239,1
0.41799,0.75361,0.022473,-0.60872,1
-7.6826,0.21836,-0.10236,-3.146,1
6.2783,5.0532,6.9803,-1.4104,1
10.159,12.607,2.9896,0.44234,1
-1.4121,-2.2049,-0.80199,-0.87333,1
11.307,11.453,3.277,-0.82298,1
